rho_r_over_a,pressure_GPa_k_0.1,pressure_GPa_k_0.3,pressure_GPa_k_0.497,pressure_GPa_k_0.7,pressure_GPa_k_0.9
0,7.50396754333147,6.82702515654499,5.90413263755258,4.63168114090202,2.72710709614216
0.00200400801603206,7.50395096835435,6.82700733505242,5.90411488964992,4.63166533000104,2.72709669155743
0.00400801603206413,7.50390124324326,6.82695387042442,5.90406164583437,4.63161789724094,2.72706547779072
0.00601202404809619,7.50381836745899,6.82686476221007,5.90397290578327,4.63153884245029,2.72701345480441
0.00801603206412826,7.50370234010286,6.82674000965781,5.90384866895879,4.63142816534332,2.72694062253582
0.0100200400801603,7.5035531599166,6.82657961171542,5.90368893460797,4.63128586551996,2.7268469808972
0.0120240480961924,7.50337082528233,6.82638356702993,5.90349370176262,4.63111194246581,2.72673252977571
0.0140280561122244,7.50315533422246,6.82615187394757,5.90326296923933,4.63090639555208,2.72659726903342
0.0160320641282565,7.50290668439955,6.82588453051366,5.90299673563937,4.63066922403562,2.72644119850733
0.0180360721442886,7.50262487311619,6.82558153447252,5.90269499934861,4.63040042705883,2.72626431800932
0.0200400801603206,7.50230989731484,6.82524288326736,5.90235775853749,4.63010000364966,2.72606662732619
0.0220440881763527,7.50196175357765,6.82486857404009,5.90198501116088,4.62976795272155,2.7258481262196
0.0240480961923848,7.50158043812628,6.82445860363124,5.90157675495801,4.62940427307336,2.7256088144261
0.0260521042084168,7.50116594682164,6.82401296857972,5.90113298745233,4.62900896338936,2.7253486916571
0.0280561122244489,7.50071827516369,6.82353166512267,5.90065370595139,4.62858202223913,2.72506775759887
0.030060120240481,7.50023741829114,6.82301468919524,5.90013890754672,4.6281234480775,2.72476601191251
0.032064128256513,7.4997233709812,6.82246203643038,5.89958858911368,4.62763323924451,2.72444345423394
0.0340681362725451,7.49917612764926,6.82187370215859,5.89900274731129,4.62711139396529,2.72410008417391
0.0360721442885772,7.49859568234855,6.82124968140769,5.89838137858206,4.62655791034999,2.72373590131794
0.0380761523046092,7.49798202876982,6.8205899689025,5.89772447915183,4.62597278639372,2.72335090522634
0.0400801603206413,7.49733516024094,6.81989455906463,5.89703204502958,4.62535601997642,2.72294509543418
0.0420841683366733,7.49665506972656,6.8191634460121,5.89630407200718,4.62470760886278,2.72251847145125
0.0440881763527054,7.49594174982763,6.81839662355905,5.89554055565925,4.62402755070214,2.72207103276207
0.0460921843687375,7.49519519278103,6.81759408521542,5.89474149134288,4.62331584302837,2.72160277882585
0.0480961923847695,7.49441539045905,6.81675582418658,5.89390687419744,4.62257248325976,2.72111370907648
0.0501002004008016,7.49360233436899,6.81588183337294,5.89303669914428,4.62179746869891,2.72060382292247
0.0521042084168337,7.4927560156526,6.8149721053696,5.89213096088652,4.62099079653258,2.720073119747
0.0541082164328657,7.4918764250856,6.81402663246592,5.89118965390878,4.62015246383158,2.71952159890779
0.0561122244488978,7.49096355307709,6.81304540664511,5.89021277247684,4.61928246755063,2.71894925973718
0.0581162324649299,7.49001738966904,6.81202841958378,5.88920031063744,4.61838080452822,2.71835610154202
0.0601202404809619,7.48903792453569,6.81097566265149,5.88815226221791,4.61744747148643,2.71774212360368
0.062124248496994,7.48802514698291,6.80988712691028,5.88706862082589,4.61648246503085,2.71710732517801
0.064128256513026,7.4869790459476,6.80876280311419,5.88594937984898,4.61548578165035,2.7164517054953
0.0661322645290581,7.48589960999703,6.80760268170872,5.88479453245443,4.61445741771694,2.71577526376028
0.0681362725450902,7.48478682732819,6.80640675283034,5.88360407158877,4.61339736948561,2.71507799915203
0.0701402805611222,7.48364068576703,6.80517500630593,5.88237798997749,4.61230563309415,2.71435991082401
0.0721442885771543,7.48246117276782,6.80390743165222,5.88111628012459,4.61118220456297,2.71362099790396
0.0741482965931864,7.48124827541232,6.80260401807522,5.87981893431228,4.61002707979489,2.71286125949392
0.0761523046092184,7.48000198040911,6.80126475446963,5.87848594460055,4.608840254575,2.71208069467014
0.0781563126252505,7.47872227409273,6.7998896294182,5.87711730282677,4.6076217245704,2.71127930248309
0.0801603206412826,7.4774091424229,6.79847863119114,5.87571300060526,4.60637148533005,2.71045708195736
0.0821643286573146,7.47606257098368,6.79703174774543,5.87427302932688,4.60508953228453,2.7096140320917
0.0841683366733467,7.4746825449826,6.79554896672419,5.87279738015855,4.60377586074582,2.7087501518589
0.0861723446893788,7.47326904924982,6.79403027545597,5.87128604404288,4.6024304659071,2.70786544020577
0.0881763527054108,7.47182206823718,6.79247566095407,5.86973901169759,4.60105334284252,2.70695989605311
0.0901803607214429,7.4703415860173,6.79088510991578,5.86815627361514,4.59964448650695,2.70603351829567
0.0921843687374749,7.4688275862826,6.78925860872171,5.86653782006216,4.59820389173577,2.70508630580205
0.094188376753507,7.46728005234438,6.78759614343494,5.864883641079,4.59673155324458,2.70411825741472
0.0961923847695391,7.46569896713176,6.78589769980034,5.86319372647919,4.59522746562902,2.70312937194992
0.0981963927855711,7.4640843131907,6.78416326324368,5.86146806584893,4.59369162336442,2.70211964819764
0.100200400801603,7.46243607268292,6.78239281887091,5.85970664854653,4.59212402080564,2.70108908492152
0.102204408817635,7.46075422738485,6.78058635146725,5.85790946370188,4.59052465218671,2.70003768085887
0.104208416833667,7.45903875868654,6.7787438454964,5.85607650021587,4.58889351162062,2.69896543472056
0.106212424849699,7.45728964759053,6.7768652850996,5.85420774675983,4.58723059309901,2.69787234519096
0.108216432865731,7.45550687471067,6.77495065409481,5.85230319177492,4.58553589049188,2.69675841092793
0.110220440881764,7.45369042027102,6.77299993597577,5.85036282347156,4.58380939754732,2.69562363056272
0.112224448897796,7.45184026410458,6.77101311391106,5.84838662982878,4.58205110789119,2.69446800269992
0.114228456913828,7.44995638565213,6.76899017074316,5.84637459859361,4.58026101502681,2.6932915259174
0.11623246492986,7.44803876396094,6.7669310889875,5.84432671728044,4.57843911233468,2.69209419876627
0.118236472945892,7.44608737768351,6.76483585083144,5.84224297317037,4.57658539307212,2.69087601977076
0.120240480961924,7.4441022050763,6.7627044381333,5.84012335331053,4.57469985037298,2.68963698742824
0.122244488977956,7.44208322399835,6.76053683242128,5.83796784451342,4.57278247724728,2.68837710020905
0.124248496993988,7.44003041190996,6.75833301489246,5.83577643335618,4.57083326658092,2.68709635655654
0.12625250501002,7.43794374587133,6.75609296641172,5.83354910617992,4.56885221113527,2.68579475488692
0.128256513026052,7.43582320254111,6.75381666751062,5.83128584908901,4.56683930354686,2.68447229358921
0.130260521042084,7.43366875817501,6.75150409838634,5.82898664795028,4.56479453632704,2.68312897102521
0.132264529058116,7.43148038862432,6.74915523890049,5.82665148839235,4.56271790186157,2.68176478552937
0.134268537074148,7.42925806933443,6.74677006857801,5.8242803558048,4.56060939241027,2.68037973540876
0.13627254509018,7.42700177534332,6.74434856660595,5.82187323533747,4.55846900010665,2.67897381894296
0.138276553106212,7.42471148127999,6.74189071183234,5.81943011189959,4.55629671695754,2.67754703438401
0.140280561122244,7.42238716136294,6.73939648276489,5.81695097015903,4.55409253484265,2.67609937995631
0.142284569138277,7.42002878939854,6.73686585756981,5.81443579454146,4.55185644551422,2.67463085385658
0.144288577154309,7.4176363387794,6.73429881407053,5.81188456922954,4.5495884405966,2.67314145425371
0.146292585170341,7.41520978248274,6.73169532974644,5.80929727816203,4.54728851158583,2.67163117928877
0.148296593186373,7.41274909306868,6.72905538173153,5.80667390503297,4.54495664984923,2.67010002707482
0.150300601202405,7.41025424267853,6.72637894681311,5.80401443329079,4.54259284662496,2.66854799569694
0.152304609218437,7.40772520303308,6.72366600143046,5.80131884613741,4.54019709302162,2.66697508321204
0.154308617234469,7.40516194543076,6.72091652167344,5.79858712652735,4.53776938001778,2.66538128764884
0.156312625250501,7.40256444074593,6.71813048328109,5.79581925716677,4.53530969846154,2.66376660700775
0.158316633266533,7.39993265942696,6.71530786164021,5.7930152205126,4.53281803907007,2.66213103926079
0.160320641282565,7.39726657149441,6.71244863178395,5.79017499877153,4.53029439242917,2.66047458235151
0.162324649298597,7.39456614653913,6.7095527683903,5.78729857389906,4.52773874899276,2.65879723419485
0.164328657314629,7.39183135372033,6.70662024578063,5.78438592759854,4.52515109908246,2.6570989926771
0.166332665330661,7.38906216176362,6.70365103791814,5.78143704132013,4.52253143288705,2.65537985565579
0.168336673346693,7.38625853895904,6.70064511840637,5.77845189625981,4.51987974046201,2.65363982095956
0.170340681362725,7.38342045315901,6.6976024604876,5.77543047335835,4.517196011729,2.65187888638809
0.172344689378758,7.38054787177628,6.69452303704128,5.77237275330025,4.51448023647537,2.65009704971201
0.17434869739479,7.37764076178189,6.69140682058238,5.76927871651269,4.51173240435365,2.64829430867275
0.176352705410822,7.37469908970298,6.6882537832598,5.76614834316444,4.50895250488098,2.64647066098249
0.178356713426854,7.37172282162067,6.68506389685469,5.76298161316477,4.50614052743864,2.64462610432401
0.180360721442886,7.36871192316791,6.68183713277874,5.75977850616234,4.50329646127146,2.64276063635062
0.182364729458918,7.36566635952719,6.67857346207248,5.75653900154404,4.50042029548732,2.64087425468602
0.18436873747495,7.36258609542833,6.67527285540353,5.75326307843389,4.49751201905654,2.63896695692422
0.186372745490982,7.35947109514617,6.67193528306485,5.74995071569184,4.49457162081136,2.63703874062939
0.188376753507014,7.35632132249828,6.66856071497291,5.74660189191259,4.49159908944534,2.63508960333578
0.190380761523046,7.35313674084253,6.66514912066589,5.74321658542441,4.4885944135128,2.63311954254758
0.192384769539078,7.34991731307479,6.66170046930183,5.7397947742879,4.4855575814282,2.63112855573882
0.19438877755511,7.34666300162639,6.65821472965673,5.73633643629476,4.48248858146558,2.62911664035326
0.196392785571142,7.34337376846174,6.65469187012267,5.73284154896655,4.47938740175792,2.62708379380423
0.198396793587174,7.34004957507578,6.65113185870587,5.72931008955339,4.47625403029654,2.62503001347455
0.200400801603206,7.33669038249142,6.6475346630247,5.72574203503271,4.47308845493049,2.62295529671638
0.202404809619238,7.333296151257,6.64390025030772,5.72213736210787,4.46989066336585,2.6208596408511
0.204408817635271,7.32986684144366,6.64022858739165,5.71849604720692,4.4666606431652,2.61874304316919
0.206412825651303,7.32640241264265,6.6365196407193,5.71481806648118,4.46339838174685,2.61660550093009
0.208416833667335,7.32290282396267,6.6327733763375,5.71110339580391,4.46010386638426,2.61444701136209
0.210420841683367,7.31936803402708,6.62898975989501,5.7073520107689,4.45677708420533,2.61226757166216
0.212424849699399,7.3157980009712,6.62516875664034,5.70356388668909,4.45341802219173,2.61006717899585
0.214428857715431,7.31219268243942,6.62131033141962,5.69973899859511,4.45002666717823,2.60784583049714
0.216432865731463,7.30855203558236,6.61741444867436,5.69587732123385,4.44660300585196,2.60560352326829
0.218436873747495,7.30487601705401,6.6134810724392,5.69197882906702,4.44314702475172,2.60334025437973
0.220440881763527,7.30116458300871,6.60951016633972,5.68804349626959,4.4396587102673,2.60105602086987
0.222444889779559,7.29741768909824,6.60550169359006,5.68407129672836,4.43613804863867,2.59875081974501
0.224448897795591,7.29363529046872,6.60145561699062,5.68006220404038,4.43258502595532,2.59642464797915
0.226452905811623,7.28981734175761,6.59737189892568,5.67601619151141,4.42899962815546,2.59407750251387
0.228456913827655,7.28596379709052,6.59325050136104,5.67193323215433,4.42538184102528,2.59170938025816
0.230460921843687,7.28207461007813,6.58909138584154,5.66781329868761,4.42173165019819,2.58932027808829
0.232464929859719,7.2781497338129,6.58489451348862,5.66365636353359,4.41804904115401,2.58691019284763
0.234468937875752,7.27418912086587,6.5806598449978,5.65946239881692,4.4143339992182,2.5844791213465
0.236472945891784,7.27019272328336,6.57638734063617,5.65523137636288,4.41058650956108,2.58202706036203
0.238476953907816,7.26616049258358,6.57207696023978,5.65096326769568,4.40680655719696,2.57955400663799
0.240480961923848,7.26209237975331,6.56772866321108,5.64665804403674,4.40299412698336,2.5770599568846
0.24248496993988,7.25798833524438,6.56334240851621,5.642315676303,4.39914920362017,2.57454490777841
0.244488977955912,7.25384830897025,6.55891815468239,5.63793613510512,4.39527177164881,2.5720088559621
0.246492985971944,7.24967225030243,6.55445585979516,5.63351939074572,4.39136181545133,2.56945179804433
0.248496993987976,7.24546010806689,6.54995548149562,5.6290654132176,4.3874193192496,2.56687373059955
0.250501002004008,7.24121183054045,6.54541697697765,5.62457417220185,4.38344426710438,2.56427465016785
0.25250501002004,7.23692736544705,6.54084030298508,5.62004563706606,4.37943664291447,2.56165455325476
0.254509018036072,7.23260665995406,6.53622541580881,5.61547977686238,4.37539643041578,2.55901343633107
0.256513026052104,7.22824966066841,6.53157227128389,5.6108765603257,4.37132361318041,2.55635129583268
0.258517034068136,7.22385631363283,6.52688082478657,5.60623595587161,4.36721817461573,2.5536681281604
0.260521042084168,7.21942656432188,6.52215103123133,5.60155793159454,4.36308009796346,2.55096392967974
0.2625250501002,7.21496035763802,6.51738284506782,5.59684245526573,4.35890936629867,2.54823869672077
0.264529058116232,7.2104576379076,6.51257622027778,5.59208949433121,4.35470596252886,2.54549242557787
0.266533066132265,7.20591834887678,6.50773111037194,5.5872990159098,4.35046986939296,2.5427251125096
0.268537074148297,7.20134243370742,6.50284746838687,5.58247098679101,4.34620106946032,2.53993675373846
0.270541082164329,7.19672983497288,6.49792524688172,5.57760537343299,4.34189954512974,2.53712734545072
0.272545090180361,7.19208049465378,6.49296439793503,5.57270214196036,4.33756527862845,2.53429688379619
0.274549098196393,7.18739435413373,6.48796487314143,5.56776125816208,4.33319825201103,2.53144536488803
0.276553106212425,7.18267135419492,6.48292662360825,5.56278268748929,4.32879844715844,2.52857278480257
0.278557114228457,7.17791143501374,6.47784959995218,5.55776639505309,4.32436584577687,2.52567913957905
0.280561122244489,7.17311453615628,6.47273375229586,5.55271234562227,4.31990042939677,2.52276442521947
0.282565130260521,7.16828059657379,6.46757903026434,5.54762050362111,4.31540217937167,2.51982863768831
0.284569138276553,7.16340955459804,6.4623853829816,5.54249083312702,4.31087107687714,2.51687177291237
0.286573146292585,7.1585013479367,6.45715275906697,5.53732329786825,4.30630710290963,2.51389382678051
0.288577154308617,7.15355591366856,6.45188110663148,5.5321178612215,4.30171023828539,2.51089479514346
0.290581162324649,7.14857318823874,6.44657037327422,5.52687448620956,4.29708046363926,2.50787467381357
0.292585170340681,7.14355310745383,6.44122050607861,5.52159313549886,4.29241775942356,2.50483345856459
0.294589178356713,7.13849560647691,6.43583145160861,5.51627377139701,4.28772210590691,2.50177114513145
0.296593186372746,7.13340061982258,6.43040315590492,5.51091635585033,4.28299348317299,2.49868772921001
0.298597194388778,7.12826808135186,6.42493556448107,5.50552085044134,4.2782318711194,2.49558320645681
0.30060120240481,7.12309792426706,6.41942862231951,5.50008721638615,4.2734372494564,2.49245757248889
0.302605210420842,7.11789008110653,6.41388227386762,5.49461541453192,4.26860959770564,2.48931082288347
0.304609218436874,7.11264448373937,6.40829646303368,5.48910540535419,4.26374889519898,2.48614295317775
0.306613226452906,7.10736106336008,6.40267113318275,5.48355714895426,4.25885512107716,2.48295395886865
0.308617234468938,7.10203975048309,6.39700622713254,5.47797060505647,4.25392825428851,2.47974383541256
0.31062124248497,7.09668047493727,6.39130168714918,5.47234573300544,4.24896827358768,2.47651257822508
0.312625250501002,7.09128316586027,6.38555745494297,5.46668249176337,4.24397515753428,2.47326018268075
0.314629258517034,7.08584775169291,6.37977347166405,5.46098083990714,4.23894888449156,2.46998664411281
0.316633266533066,7.08037416017338,6.37394967789802,5.45524073562555,4.23388943262505,2.46669195781292
0.318637274549098,7.07486231833142,6.36808601366145,5.44946213671636,4.22879677990117,2.46337611903089
0.32064128256513,7.06931215248237,6.36218241839746,5.44364500058341,4.22367090408584,2.4600391229744
0.322645290581162,7.0637235882212,6.35623883097105,5.43778928423365,4.21851178274308,2.45668096480875
0.324649298597194,7.05809655041641,6.35025518966453,5.43189494427414,4.21331939323356,2.45330163965655
0.326653306613226,7.05243096320381,6.34423143217281,5.42596193690896,4.20809371271315,2.44990114259746
0.328657314629259,7.04672674998033,6.33816749559862,5.41999021793618,4.20283471813145,2.44647946866787
0.330661322645291,7.0409838333976,6.33206331644769,5.41397974274472,4.1975423862303,2.44303661286064
0.332665330661323,7.03520213535554,6.32591883062385,5.40793046631113,4.19221669354231,2.43957257012481
0.334669338677355,7.02938157699582,6.31973397342409,5.40184234319645,4.18685761638923,2.43608733536526
0.336673346693387,7.02352207869523,6.31350867953348,5.3957153275429,4.1814651308805,2.43258090344244
0.338677354709419,7.01762356005896,6.3072428830201,5.38954937307057,4.17603921291164,2.42905326917206
0.340681362725451,7.01168593991375,6.30093651732985,5.38334443307412,4.17057983816264,2.42550442732478
0.342685370741483,7.00570913630102,6.2945895152812,5.37710046041934,4.16508698209636,2.42193437262587
0.344689378757515,6.99969306646983,6.28820180905988,5.37081740753973,4.1595606199569,2.41834309975493
0.346693386773547,6.99363764686975,6.28177333021346,5.36449522643301,4.15400072676796,2.41473060334553
0.348697394789579,6.98754279314368,6.27530400964589,5.35813386865757,4.1484072773311,2.41109687798491
0.350701402805611,6.98140842012047,6.26879377761198,5.35173328532891,4.14278024622409,2.40744191821365
0.352705410821643,6.97523444180754,6.26224256371169,5.34529342711598,4.13711960779918,2.40376571852529
0.354709418837675,6.96902077138333,6.25565029688452,5.33881424423751,4.13142533618133,2.40006827336604
0.356713426853707,6.96276732118963,6.24901690540363,5.33229568645826,4.12569740526644,2.39634957713442
0.35871743486974,6.95647400272386,6.24234231687004,5.32573770308524,4.11993578871958,2.3926096241809
0.360721442885772,6.95014072663116,6.23562645820664,5.31914024296389,4.11414045997313,2.38884840880754
0.362725450901804,6.94376740269646,6.22886925565213,5.31250325447414,4.10831139222495,2.38506592526766
0.364729458917836,6.93735393983631,6.22207063475496,5.3058266855265,4.10244855843654,2.38126216776546
0.366733466933868,6.93090024609072,6.21523052036703,5.29911048355805,4.09655193133108,2.37743713045563
0.3687374749499,6.92440622861479,6.20834883663746,5.29235459552834,4.09062148339156,2.37359080744302
0.370741482965932,6.91787179367025,6.20142550700616,5.28555896791534,4.08465718685882,2.36972319278221
0.372745490981964,6.9112968466169,6.19446045419735,5.27872354671121,4.07865901372955,2.36583428047718
0.374749498997996,6.90468129190384,6.18745360021298,5.2718482774181,4.07262693575432,2.36192406448089
0.376753507014028,6.89802503306068,6.18040486632606,5.26493310504383,4.06656092443551,2.35799253869487
0.37875751503006,6.89132797268855,6.17331417307388,5.25797797409756,4.06046095102531,2.35403969696888
0.380761523046092,6.88459001245099,6.16618144025116,5.25098282858536,4.05432698652357,2.35006553310043
0.382765531062124,6.8778110530647,6.15900658690307,5.24394761200571,4.04815900167572,2.34607004083443
0.384769539078156,6.87099099429018,6.15178953131813,5.23687226734502,4.04195696697063,2.34205321386275
0.386773547094188,6.8641297349222,6.14453019102111,5.22975673707295,4.03572085263839,2.33801504582377
0.38877755511022,6.85722717278013,6.13722848276567,5.2226009631378,4.02945062864818,2.33395553030203
0.390781563126253,6.85028320469815,6.12988432252702,5.21540488696171,4.02314626470594,2.32987466082772
0.392785571142285,6.84329772651527,6.12249762549441,5.2081684494359,4.0168077302522,2.32577243087627
0.394789579158317,6.83627063306525,6.11506830606355,5.20089159091577,4.0104349944597,2.32164883386791
0.396793587174349,6.82920181816632,6.10759627782885,5.19357425121595,4.0040280262311,2.31750386316723
0.398797595190381,6.82209117461078,6.10008145357562,5.1862163696053,3.9975867941966,2.31333751208269
0.400801603206413,6.81493859415444,6.09252374527212,5.17881788480178,3.99111126671155,2.30914977386618
0.402805611222445,6.80774396750584,6.08492306406148,5.17137873496733,3.98460141185403,2.30494064171255
0.404809619238477,6.8005071843154,6.07727932025352,5.1638988577026,3.97805719742234,2.30071010875912
0.406813627254509,6.79322813316435,6.06959242331645,5.15637819004162,3.97147859093255,2.29645816808519
0.408817635270541,6.78590670155346,6.06186228186843,5.14881666844644,3.96486555961592,2.29218481271161
0.410821643286573,6.77854277589166,6.05408880366899,5.14121422880163,3.95821807041636,2.2878900356002
0.412825651302605,6.77113624148448,6.04627189561038,5.13357080640873,3.9515360899878,2.2835738296533
0.414829659318637,6.76368698252224,6.03841146370871,5.12588633598061,3.94481958469153,2.27923618771324
0.416833667334669,6.75619488206812,6.03050741309502,5.11816075163576,3.93806852059355,2.27487710256183
0.418837675350701,6.74865982204605,6.02255964800618,5.11039398689244,3.93128286346181,2.27049656691984
0.420841683366733,6.74108168322835,6.01456807177567,5.10258597466286,3.92446257876346,2.26609457344644
0.422845691382766,6.73346034522328,6.00653258682418,5.09473664724715,3.91760763166204,2.26167111473871
0.424849699398798,6.72579568646224,5.99845309465014,5.08684593632729,3.91071798701464,2.25722618333103
0.42685370741483,6.71808758418694,5.99032949582003,5.07891377296095,3.90379360936902,2.25275977169458
0.428857715430862,6.71033591443626,5.98216168995857,5.07094008757527,3.89683446296064,2.24827187223674
0.430861723446894,6.7025405520329,5.97394957573876,5.06292480996048,3.88984051170975,2.24376247730055
0.432865731462926,6.69470137056989,5.96569305087181,5.05486786926345,3.88281171921832,2.23923157916409
0.434869739478958,6.6868182423968,5.95739201209677,5.04676919398117,3.875748048767,2.23467917003993
0.43687374749499,6.6788910386058,5.94904635517019,5.03862871195409,3.86864946331201,2.23010524207452
0.438877755511022,6.67091962901748,5.9406559748555,5.03044635035941,3.86151592548199,2.22550978734759
0.440881763527054,6.66290388216638,5.9322207649122,5.02222203570419,3.8543473975748,2.2208927978715
0.442885771543086,6.65484366528637,5.92374061808499,5.01395569381841,3.84714384155427,2.21625426559067
0.444889779559118,6.64673884429577,5.91521542609263,5.00564724984795,3.8399052190469,2.21159418238094
0.44689378757515,6.63858928378218,5.90664507961667,4.99729662824737,3.83263149133853,2.20691254004889
0.448897795591182,6.63039484698715,5.89802946828999,4.98890375277265,3.82532261937092,2.20220933033122
0.450901803607214,6.6221553957905,5.88936848068517,4.98046854647384,3.81797856373831,2.19748454489408
0.452905811623247,6.61387079069446,5.88066200430263,4.97199093168748,3.81059928468394,2.19273817533243
0.454909819639279,6.60554089080755,5.87190992555864,4.96347083002902,3.80318474209646,2.1879702131693
0.456913827655311,6.59716555382812,5.8631121297731,4.95490816238509,3.79573489550635,2.18318064985516
0.458917835671343,6.58874463602767,5.85426850115714,4.94630284890559,3.78824970408227,2.17836947676718
0.460921843687375,6.58027799223392,5.84537892280049,4.93765480899575,3.78072912662728,2.17353668520856
0.462925851703407,6.57176547581357,5.83644327665869,4.92896396130796,3.77317312157514,2.16868226640774
0.464929859719439,6.56320693865471,5.82746144354005,4.92023022373357,3.76558164698642,2.16380621151775
0.466933867735471,6.55460223114907,5.81843330309242,4.91145351339449,3.75795466054462,2.15890851161542
0.468937875751503,6.54595120217382,5.80935873378974,4.90263374663469,3.75029211955223,2.15398915770063
0.470941883767535,6.53725369907321,5.80023761291837,4.89377083901156,3.7425939809267,2.14904814069554
0.472945891783567,6.52850956763977,5.79106981656318,4.88486470528709,3.73486020119635,2.14408545144384
0.474949899799599,6.51971865209529,5.7818552195934,4.87591525941898,3.72709073649625,2.13910108070992
0.476953907815631,6.5108807950714,5.77259369564831,4.86692241455154,3.71928554256399,2.13409501917812
0.478957915831663,6.50199583758986,5.76328511712259,4.85788608300649,3.71144457473542,2.12906725745185
0.480961923847695,6.49306361904254,5.75392935515147,4.84880617627358,3.7035677879403,2.12401778605284
0.482965931863727,6.48408397717095,5.74452627959564,4.83968260500103,3.69565513669786,2.11894659542022
0.48496993987976,6.47505674804554,5.73507575902592,4.83051527898594,3.68770657511238,2.11385367590976
0.486973947895792,6.46598176604455,5.7255776607076,4.82130410716435,3.67972205686855,2.1087390177929
0.488977955911824,6.45685886383255,5.71603185058459,4.81204899760128,3.67170153522693,2.10360261125595
0.490981963927856,6.44768787233856,5.70643819326326,4.80274985748057,3.66364496301917,2.09844444639919
0.492985971943888,6.43846862073383,5.69679655199603,4.79340659309451,3.65555229264327,2.09326451323591
0.49498997995992,6.42920093640917,5.68710678866463,4.78401910983337,3.64742347605872,2.08806280169155
0.496993987975952,6.41988464495198,5.67736876376312,4.77458731217465,3.63925846478154,2.08283930160272
0.498997995991984,6.4105195701227,5.66758233638061,4.76511110367226,3.6310572098793,2.07759400271629
0.501002004008016,6.40110553383108,5.65774736418365,4.75559038694545,3.62281966196597,2.07232689468837
0.503006012024048,6.39164235611177,5.64786370339835,4.74602506366756,3.61454577119678,2.06703796708338
0.50501002004008,6.38212985509969,5.63793120879216,4.73641503455461,3.60623548726291,2.06172720937304
0.507014028056112,6.37256784700479,5.62794973365532,4.72676019935364,3.59788875938616,2.05639461093533
0.509018036072144,6.36295614608649,5.61791912978204,4.71706045683089,3.5895055363135,2.05104016105348
0.511022044088176,6.35329456462753,5.60783924745129,4.7073157047598,3.58108576631149,2.04566384891493
0.513026052104208,6.34358291290746,5.59770993540725,4.69752583990872,3.57262939716071,2.04026566361027
0.51503006012024,6.33382099917555,5.58753104083947,4.68769075802848,3.56413637614997,2.03484559413211
0.517034068136273,6.32400862962326,5.5773024093626,4.67781035383972,3.55560665007053,2.02940362937406
0.519038076152305,6.31414560835619,5.5670238849958,4.66788452102001,3.54704016521015,2.02393975812953
0.521042084168337,6.30423173736548,5.55669531014177,4.65791315219068,3.53843686734707,2.01845396909068
0.523046092184369,6.29426681649876,5.54631652556539,4.64789613890353,3.52979670174389,2.01294625084717
0.525050100200401,6.28425064343041,5.53588737037202,4.63783337162721,3.52111961314129,2.00741659188507
0.527054108216433,6.27418301363146,5.52540768198527,4.62772473973339,3.51240554575177,2.00186498058563
0.529058116232465,6.26406372033875,5.51487729612457,4.61757013148267,3.5036544432531,1.99629140522403
0.531062124248497,6.25389255452357,5.50429604678212,4.60736943401031,3.49486624878185,1.99069585396823
0.533066132264529,6.24366930485977,5.49366376619956,4.59712253331156,3.4860409049266,1.98507831487765
0.535070140280561,6.23339375769115,5.48298028484414,4.58682931422687,3.47717835372126,1.97943877590188
0.537074148296593,6.22306569699832,5.47224543138444,4.57648966042674,3.46827853663804,1.97377722487946
0.539078156312625,6.21268490436484,5.46145903266568,4.56610345439632,3.4593413945805,1.96809364953647
0.541082164328657,6.20225115894279,5.45062091368452,4.55567057741977,3.45036686787632,1.96238803748523
0.543086172344689,6.19176423741761,5.43973089756342,4.54519090956423,3.44135489627003,1.95666037622296
0.545090180360721,6.18122391397231,5.42878880552449,4.53466432966362,3.43230541891559,1.9509106531303
0.547094188376753,6.17062996025089,5.41779445686286,4.52409071530201,3.42321837436881,1.94513885547
0.549098196392786,6.15998214532119,5.4067476689195,4.51346994279683,3.41409370057966,1.93934497038539
0.551102204408818,6.14928023563685,5.3956482570536,4.5028018871816,3.40493133488446,1.93352898489898
0.55310621242485,6.13852399499862,5.38449603461432,4.49208642218847,3.39573121399786,1.92769088591091
0.555110220440882,6.12771318451488,5.37329081291207,4.48132342023036,3.38649327400471,1.9218306601975
0.557114228456914,6.11684756256132,5.36203240118917,4.4705127523828,3.37721745035185,1.91594829440962
0.559118236472946,6.1059268847399,5.35072060659001,4.45965428836535,3.3679036778396,1.91004377507119
0.561122244488978,6.09495090383692,5.33935523413054,4.44874789652279,3.3585518906132,1.90411708857754
0.56312625250501,6.08391936978026,5.32793608666722,4.43779344380584,3.34916202215411,1.89816822119379
0.565130260521042,6.07283202959574,5.31646296486534,4.42679079575154,3.33973400527101,1.89219715905317
0.567134268537074,6.06168862736261,5.30493566716668,4.41573981646328,3.3302677720908,1.88620388815536
0.569138276553106,6.05048890416813,5.29335398975658,4.40464036859039,3.32076325404933,1.88018839436474
0.571142284569138,6.03923259806117,5.2817177265303,4.39349231330739,3.31122038188194,1.87415066340866
0.57314629258517,6.0279194440049,5.27002666905871,4.38229551029277,3.3016390856139,1.86809068087562
0.575150300601202,6.01654917382848,5.25828060655332,4.37104981770739,3.29201929455057,1.86200843221348
0.577154308617234,6.00512151617776,5.24647932583053,4.35975509217246,3.28236093726747,1.8559039027276
0.579158316633267,5.99363619646485,5.23462261127525,4.34841118874704,3.27266394160008,1.84977707757893
0.581162324649299,5.9820929368168,5.22271024480366,4.33701796090513,3.26292823463347,1.84362794178212
0.583166332665331,5.97049145602302,5.21074200582528,4.32557526051229,3.25315374269174,1.83745648020352
0.585170340681363,5.95883146948169,5.19871767120422,4.31408293780175,3.24334039132723,1.83126267755921
0.587174348697395,5.947112689145,5.18663701521965,4.3025408413501,3.23348810530952,1.82504651841294
0.589178356713427,5.93533482346315,5.17449980952537,4.29094881805244,3.22359680861421,1.81880798717408
0.591182364729459,5.92349757732727,5.16230582310865,4.27930671309703,3.21366642441155,1.81254706809548
0.593186372745491,5.91160065201097,5.15005482224809,4.2676143699394,3.20369687505466,1.80626374527132
0.595190380761523,5.8996437451107,5.13774657047063,4.25587163027599,3.19368808206775,1.79995800263492
0.597194388777555,5.88762655048474,5.12538082850766,4.24407833401714,3.18363996613391,1.79362982395648
0.599198396793587,5.87554875819095,5.11295735425013,4.23223431925961,3.17355244708274,1.7872791928408
0.601202404809619,5.86341005442301,5.10047590270278,4.22033942225849,3.1634254438777,1.78090609272495
0.603206412825651,5.85121012144535,5.08793622593727,4.20839347739845,3.15325887460326,1.77451050687587
0.605210420841683,5.83894863752655,5.07533807304439,4.19639631716452,3.14305265645168,1.76809241838799
0.607214428857715,5.82662527687132,5.06268119008517,4.18434777211212,3.13280670570958,1.76165181018071
0.609218436873748,5.81423970955087,5.0499653200409,4.17224767083651,3.12252093774427,1.75518866499587
0.61122244488978,5.80179160143175,5.03719020276212,4.16009583994156,3.1121952669897,1.74870296539522
0.613226452905812,5.78928061410304,5.02435557491639,4.14789210400785,3.10182960693216,1.74219469375775
0.615230460921844,5.77670640480191,5.01146116993491,4.13563628556011,3.09142387009573,1.73566383227701
0.617234468937876,5.7640686263374,4.99850671795804,4.12332820503386,3.08097796802729,1.72911036295837
0.619238476953908,5.75136692701251,4.98549194577941,4.11096768074143,3.07049181128136,1.72253426761626
0.62124248496994,5.7386009505444,4.97241657678895,4.09855452883713,3.05996530940452,1.71593552787125
0.623246492985972,5.72577033598279,4.95928033091448,4.08608856328171,3.04939837091948,1.7093141251472
0.625250501002004,5.71287471762643,4.94608292456205,4.07356959580598,3.03879090330891,1.70267004066823
0.627254509018036,5.69991372493751,4.93282407055483,4.06099743587367,3.02814281299879,1.69600325545571
0.629258517034068,5.68688698245417,4.91950347807066,4.0483718906434,3.01745400534146,1.68931375032517
0.6312625250501,5.67379410970082,4.90612085257809,4.03569276492979,3.00672438459834,1.68260150588309
0.633266533066132,5.66063472109632,4.89267589577096,4.02295986116374,2.99595385392213,1.67586650252369
0.635270541082164,5.64740842585998,4.87916830550137,4.01017297935169,2.98514231533877,1.6691087204256
0.637274549098196,5.63411482791526,4.86559777571117,3.99733191703409,2.9742896697289,1.6623281395485
0.639278557114228,5.62075352579105,4.85196399636172,3.98443646924275,2.9633958168089,1.65552473962965
0.64128256513026,5.60732411252065,4.83826665336202,3.97148642845731,2.95246065511156,1.64869850018038
0.643286573146293,5.59382617553816,4.8245054284951,3.95848158456064,2.94148408196626,1.64184940048244
0.645290581162325,5.58025929657228,4.81067999934262,3.94542172479316,2.93046599347872,1.63497741958435
0.647294589178357,5.56662305153759,4.79679003920762,3.93230663370618,2.91940628451023,1.6280825362976
0.649298597194389,5.55291701042291,4.78283521703544,3.91913609311398,2.90830484865652,1.6211647291928
0.651302605210421,5.53914073717699,4.7688151973326,3.90590988204489,2.89716157822596,1.61422397659574
0.653306613226453,5.52529378959124,4.75472964008375,3.89262777669107,2.88597636421744,1.60726025658338
0.655310621242485,5.51137571917943,4.74057820066649,3.87928955035711,2.87474909629756,1.60027354697964
0.657314629258517,5.49738607105436,4.72636052976412,3.86589497340744,2.86347966277742,1.59326382535127
0.659318637274549,5.48332438380127,4.71207627327611,3.85244381321233,2.85216795058871,1.58623106900348
0.661322645290581,5.46919018934804,4.69772507222638,3.83893583409267,2.84081384525938,1.57917525497553
0.663326653306613,5.45498301283192,4.68330656266918,3.82537079726326,2.82941723088859,1.5720963600362
0.665330661322645,5.44070237246277,4.6688203755926,3.81174846077483,2.81797799012115,1.56499436067916
0.667334669338677,5.42634777938272,4.65426613681954,3.79806857945445,2.80649600412127,1.55786923311821
0.669338677354709,5.41191873752202,4.63964346690616,3.78433090484455,2.79497115254566,1.55072095328248
0.671342685370741,5.39741474345109,4.62495198103763,3.77053518514029,2.78340331351606,1.54354949681139
0.673346693386774,5.38283528622853,4.61019128892116,3.75668116512542,2.77179236359096,1.53635483904959
0.675350701402806,5.36817984724505,4.59536099467625,3.74276858610644,2.76013817773668,1.52913695504175
0.677354709418838,5.35344790006311,4.58046069672189,3.72879718584502,2.74844062929772,1.52189581952718
0.67935871743487,5.33863891025215,4.56548998766087,3.71476669848872,2.73669958996633,1.5146314069344
0.681362725450902,5.32375233521926,4.55044845416093,3.70067685449986,2.72491492975134,1.50734369137549
0.683366733466934,5.30878762403521,4.53533567683264,3.68652738058251,2.71308651694616,1.50003264664038
0.685370741482966,5.29374421725549,4.52015123010399,3.67231799960753,2.70121421809595,1.49269824619088
0.687374749498998,5.2786215467364,4.50489468209155,3.65804843053564,2.68929789796396,1.48534046315472
0.68937875751503,5.26341903544589,4.48956559446805,3.64371838833838,2.67733741949698,1.47795927031929
0.691382765531062,5.24813609726901,4.47416352232624,3.62932758391694,2.66533264378985,1.47055464012529
0.693386773547094,5.23277213680775,4.45868801403901,3.61487572401878,2.65328343004909,1.46312654466024
0.695390781563126,5.21732654917511,4.44313861111547,3.60036251115196,2.64118963555549,1.45567495565176
0.697394789579158,5.20179871978317,4.42751484805308,3.58578764349709,2.62905111562571,1.44819984446069
0.69939879759519,5.18618802412499,4.41181625218539,3.57115081481682,2.61686772357294,1.44070118207408
0.701402805611222,5.17049382754995,4.39604234352558,3.55645171436287,2.6046393106663,1.43317893909792
0.703406813627255,5.15471548503262,4.3801926346053,3.5416900267803,2.59236572608928,1.42563308574975
0.705410821643287,5.1388523409345,4.36426663030895,3.5268654320092,2.580046816897,1.41806359185099
0.707414829659319,5.12290372875874,4.34826382770298,3.51197760518348,2.56768242797224,1.41047042681915
0.709418837675351,5.10686897089741,4.33218371586027,3.49702621652679,2.55527240198024,1.40285355965975
0.711422845691383,5.09074737837093,4.31602577567916,3.48201093124537,2.5428165793223,1.39521295895807
0.713426853707415,5.07453825055968,4.29978947969715,3.46693140941786,2.53031479808798,1.38754859287066
0.715430861723447,5.05824087492715,4.28347429189892,3.45178730588178,2.51776689400595,1.3798604291166
0.717434869739479,5.04185452673453,4.26707966751856,3.43657827011669,2.50517270039347,1.37214843496852
0.719438877755511,5.02537846874632,4.25060505283572,3.42130394612387,2.49253204810435,1.36441257724341
0.721442885771543,5.00881195092667,4.23404988496545,3.4059639723024,2.47984476547543,1.35665282229305
0.723446893787575,4.99215421012597,4.21741359164159,3.39055798132141,2.46711067827144,1.34886913599436
0.725450901803607,4.97540446975747,4.20069559099333,3.37508559998856,2.45432960962828,1.34106148373924
0.727454909819639,4.95856193946339,4.18389529131471,3.35954644911435,2.44150137999456,1.33322983042434
0.729458917835671,4.9416258147702,4.16701209082688,3.34394014337237,2.42862580707143,1.32537414044034
0.731462925851703,4.92459527673256,4.15004537743267,3.32826629115506,2.41570270575049,1.31749437766107
0.733466933867735,4.90746949156555,4.13299452846334,3.31252449442507,2.40273188804995,1.30959050543218
0.735470941883767,4.89024761026454,4.11585891041702,3.29671434856178,2.38971316304869,1.30166248655956
0.7374749498998,4.87292876821249,4.09863787868867,3.28083544220307,2.37664633681836,1.29371028329737
0.739478957915832,4.85551208477376,4.08133077729108,3.26488735708191,2.36353121235332,1.28573385733571
0.741482965931864,4.83799666287427,4.06393693856667,3.24886966785768,2.35036758949838,1.27773316978793
0.743486973947896,4.82038158856716,4.04645568288957,3.23278194194202,2.33715526487423,1.26970818117751
0.745490981963928,4.80266593058338,4.02888631835768,3.21662373931891,2.32389403180057,1.2616588514246
0.74749498997996,4.78484873986671,4.01122814047428,3.20039461235883,2.31058368021661,1.25358513983206
0.749498997995992,4.76692904909233,3.99348043181869,3.18409410562665,2.29722399659916,1.24548700507111
0.751503006012024,4.74890587216842,3.97564246170558,3.16772175568316,2.28381476387786,1.2373644051665
0.753507014028056,4.73077820371988,3.95771348583236,3.15127709087969,2.27035576134778,1.22921729748122
0.755511022044088,4.71254501855351,3.93969274591426,3.13475963114591,2.25684676457897,1.22104563870073
0.75751503006012,4.69420527110371,3.92157946930642,3.11816888777012,2.24328754532308,1.21284938481658
0.759519038076152,4.67575789485793,3.90337286861253,3.10150436317198,2.22967787141671,1.20462849110964
0.761523046092184,4.65720180176093,3.88507214127937,3.08476555066728,2.21601750668159,1.19638291213267
0.763527054108216,4.63853588159674,3.86667646917658,3.06795193422437,2.20230621082119,1.18811260169231
0.765531062124248,4.61975900134755,3.84818501816114,3.05106298821184,2.18854373931384,1.17981751283051
0.767535070140281,4.6008700045282,3.82959693762564,3.03409817713719,2.17472984330206,1.1714975978053
0.769539078156313,4.58186771049535,3.81091136002982,3.01705695537597,2.16086426947798,1.16315280807089
0.771543086172345,4.56275091372992,3.79212740041446,2.99993876689103,2.14694675996468,1.15478309425711
0.773547094188377,4.54351838309171,3.77324415589682,2.98274304494134,2.13297705219329,1.14638840614808
0.775551102204409,4.52416886104471,3.75426070514683,2.96546921178001,2.11895487877558,1.1379686926602
0.777555110220441,4.50470106285185,3.73517610784301,2.94811667834089,2.10487996737193,1.12952390181929
0.779559118236473,4.48511367573744,3.71598940410722,2.93068484391335,2.0907520405544,1.12105398073695
0.781563126252505,4.46540535801601,3.6966996139172,2.9131730958045,2.07657081566469,1.11255887558603
0.783567134268537,4.44557473818558,3.67730573649577,2.89558080898843,2.06233600466678,1.10403853157524
0.785571142284569,4.42562041398382,3.65780674967562,2.87790734574174,2.04804731399395,1.09549289292279
0.787575150300601,4.40554095140496,3.63820160923841,2.86015205526465,2.03370444438995,1.08692190282908
0.789579158316633,4.38533488367571,3.61848924822687,2.84231427328715,2.01930709074398,1.07832550344831
0.791583166332665,4.36500071018782,3.59866857622858,2.82439332165919,2.00485494191931,1.06970363585906
0.793587174348697,4.34453689538517,3.57873847863001,2.80638850792444,1.99034768057505,1.06105624003374
0.795591182364729,4.32394186760293,3.55869781583915,2.7882991248764,1.97578498298085,1.05238325480682
0.797595190380762,4.30321401785618,3.53854542247522,2.77012445009628,1.96116651882415,1.04368461784182
0.799599198396794,4.28235169857542,3.51828010652366,2.75186374547158,1.94649195100961,1.03496026559706
0.801603206412826,4.26135322228591,3.49790064845449,2.73351625669427,1.93176093545024,1.02621013328995
0.803607214428858,4.24021686022779,3.47740580030229,2.71508121273769,1.91697312084996,1.01743415485991
0.80561122244489,4.21894084091388,3.45679428470533,2.69655782531087,1.90212814847699,1.00863226292975
0.807615230460922,4.19752334862129,3.43606479390206,2.67794528828911,1.88722565192763,0.999804388765441
0.809619238476954,4.17596252181345,3.41521598868215,2.65924277711958,1.87226525688,0.990950462234246
0.811623246492986,4.15425645148841,3.39424649728987,2.64044944820043,1.85724658083706,0.982070411761089
0.813627254509018,4.13240317944909,3.37315491427689,2.62156443823212,1.84216923285847,0.973164164283042
0.81563126252505,4.11040069649099,3.35193979930173,2.60258686353921,1.82703281328053,0.964231645201873
0.817635270541082,4.08824694050253,3.33059967587263,2.58351581936111,1.81183691342366,0.955272778334535
0.819639278557114,4.06593979447258,3.30913303003068,2.56435037910988,1.79658111528668,0.946287485861473
0.821643286573146,4.04347708439984,3.28753830896953,2.54508959359319,1.78126499122706,0.937275688272636
0.823647294589178,4.02085657709781,3.26581391958796,2.52573249020047,1.76588810362649,0.928237304311065
0.82565130260521,3.99807597788908,3.24395822697119,2.50627807204997,1.75045000454077,0.919172250913917
0.827655310621243,3.9751329281819,3.22196955279655,2.4867253170944,1.73495023533316,0.910080443150776
0.829659318637275,3.95202500292156,3.19984617365892,2.46707317718264,1.71938832629023,0.900961794159097
0.831663326653307,3.92874970790868,3.17758631931071,2.44732057707486,1.70376379621909,0.891816215076609
0.833667334669339,3.90530447697562,3.15518817081113,2.42746641340805,1.68807615202491,0.882643614970498
0.835671342685371,3.88168666901179,3.13264985857878,2.4075095536089,1.67232488826753,0.873443900763176
0.837675350701403,3.85789356482785,3.1099694603414,2.38744883475072,1.65650948669575,0.864216977154428
0.839679358717435,3.83392236384782,3.08714499897579,2.36728306235057,1.64062941575809,0.854962746539712
0.841683366733467,3.80977018061751,3.06417444023082,2.34701100910303,1.62468413008823,0.845681108924364
0.843687374749499,3.78543404111656,3.0410556903254,2.32663141354603,1.6086730699638,0.836371961833462
0.845691382765531,3.76091087886033,3.01778659341301,2.30614297865451,1.5925956607365,0.827035200217056
0.847695390781563,3.7361975307768,2.99436492890338,2.28554437035677,1.5764513122318,0.817670716350477
0.849699398797595,3.71129073284231,2.97078840863145,2.26483421596834,1.5602394181161,0.808278399729378
0.851703406813627,3.68618711545866,2.94705467386258,2.24401110253745,1.54395935522921,0.798858136959182
0.853707414829659,3.66088319855245,2.9231612921222,2.22307357509602,1.5276104828796,0.789409811638535
0.855711422845691,3.63537538637591,2.89910575383718,2.20202013480928,1.51119214209996,0.779933304236361
0.857715430861723,3.60965996198673,2.87488546877474,2.18084923701664,1.4947036548601,0.770428491962079
0.859719438877755,3.583733081382,2.85049776226385,2.15955928915586,1.4781443232343,0.760895248628483
0.861723446893788,3.55759076725962,2.82593987118235,2.13814864856172,1.46151342851949,0.751333444506782
0.86372745490982,3.53122890237739,2.80120893969172,2.11661562012963,1.44481023030095,0.741742946173195
0.865731462925852,3.50464322247776,2.77630201469966,2.09495845383395,1.42803396546124,0.732123616346522
0.867735470941884,3.4778293087428,2.75121604102873,2.07317534208935,1.41118384712826,0.722475313715971
0.869739478957916,3.45078257974042,2.7259478562672,2.0512644169431,1.39425906355753,0.712797892758534
0.871743486973948,3.42349828281938,2.70049418527602,2.02922374708435,1.3772587769437,0.703091203545082
0.87374749498998,3.39597148490585,2.67485163432315,2.00705133465559,1.36018212215535,0.693355091534302
0.875751503006012,3.36819706264982,2.64901668481358,1.98474511184973,1.34302820538707,0.683589397353516
0.877755511022044,3.34016969186404,2.62298568658016,1.96230293727481,1.32579610272186,0.673793956565294
0.879759519038076,3.31188383619227,2.59675485069679,1.93972259206617,1.30848485859629,0.66396859941872
0.881763527054108,3.28333373493656,2.57032024177121,1.91700177572412,1.29109348416017,0.65411315058401
0.88376753507014,3.25451338996596,2.54367776967035,1.89413810165276,1.27362095552145,0.644227428869058
0.885771543086172,3.22541655161986,2.51682318062579,1.8711290923728,1.25606621186635,0.634311246916364
0.887775551102204,3.19603670351004,2.48975204766111,1.84797217437841,1.23842815344327,0.624364410878597
0.889779559118236,3.1663670461136,2.46245976027639,1.82466467260486,1.22070563939816,0.614386720070881
0.891783567134269,3.13640047903697,2.43494151331737,1.80120380446968,1.20289748544738,0.604377966597679
0.893787575150301,3.10612958181644,2.40719229494869,1.7775866734459,1.18500246137269,0.594337934951905
0.895791583166333,3.07554659310436,2.37920687364035,1.75381026212122,1.16701928832092,0.584266401583632
0.897795591182365,3.04464338807136,2.35097978406609,1.72987142469096,1.14894663588937,0.574163134435461
0.899799599198397,3.01341145383339,2.32250531179914,1.70576687882667,1.13078311897492,0.564027892441246
0.901803607214429,2.98184186268766,2.29377747667662,1.68149319685489,1.112527294363,0.553860424984518
0.903807615230461,2.94992524291315,2.26479001468705,1.65704679617194,1.09417765702873,0.543660471312431
0.905811623246493,2.91765174685803,2.23553635821587,1.63242392881136,1.07573263611973,0.533427759900613
0.907815631262525,2.88501101599853,2.20600961446211,1.60762067006922,1.05719059058561,0.52316200776363
0.909819639278557,2.85199214260917,2.17620254181264,1.58263290607975,1.03854980441464,0.512862919705126
0.911823647294589,2.81858362763227,2.14610752393114,1.55745632021867,1.0198084814328,0.502530187500905
0.913827655310621,2.78477333427433,2.11571654128297,1.5320863781944,1.00096473961403,0.49216348900726
0.915831663326653,2.75054843678551,2.08502113977634,1.50651831166666,0.982016604843127,0.481762487185822
0.917835671342685,2.71589536379433,2.05401239615145,1.4807471002082,0.962962004064396,0.471326829034895
0.919839679358717,2.68079973547092,2.02268087969221,1.45476745139733,0.943798757738819,0.460856144415825
0.92184368737475,2.64524629367393,1.99101660976712,1.42857377879548,0.924524571520916,0.450350044761165
0.923847695390782,2.609218824096,1.9590090086256,1.40216017752477,0.905137027052239,0.439808121649368
0.925851703406814,2.57270006925441,1.92664684877948,1.37552039711322,0.88563357175189,0.429229945228341
0.927855711422846,2.53567163097143,1.89391819418405,1.34864781121949,0.866011507464493,0.418615062467251
0.929859719438878,2.49811386074454,1.86081033429385,1.32153538378082,0.846267977802206,0.407962995212565
0.93186372745491,2.46000573611,1.82730970989996,1.29417563104664,0.826399953988622,0.397273238020133
0.933867735470942,2.42132472074109,1.79340182945001,1.26656057886087,0.806404218977604,0.3865452557301
0.935871743486974,2.38204660557821,1.75907117430155,1.23868171443512,0.786277349577758,0.375778480745396
0.937875751503006,2.34214532773889,1.7243010910499,1.21052993170614,0.766015696261394,0.364972309967056
0.939879759519038,2.30159276327462,1.68907366868893,1.18209546918768,0.745615360273049,0.354126101330598
0.94188376753507,2.2603584889892,1.65336959788602,1.1533678389988,0.725072167573539,0.343239169876343
0.943887775551102,2.21840950746031,1.61716800905355,1.12433574546546,0.704381639056948,0.332310783272646
0.945891783567134,2.17570992804523,1.58044628514186,1.09498699133247,0.683538956354068,0.32134015669344
0.947895791583166,2.13222059491204,1.54317984411417,1.0653083691667,0.662538922379067,0.310326446929399
0.949899799599198,2.08789865089449,1.50534188482384,1.0352855349475,0.641375915576157,0.299268745583968
0.95190380761523,2.04269702305038,1.46690308840785,1.00490286008515,0.62004383656558,0.288166071169422
0.953907815631262,1.99656381197004,1.42783126520666,0.974143257123638,0.598536045553848,0.277017359871522
0.955911823647295,1.94944156179179,1.38809093443972,0.942987973086289,0.576845288434333,0.265821454690352
0.957915831663327,1.90126638104843,1.34764282014607,0.911416342695322,0.554963608922203,0.254577092584408
0.959919839679359,1.85196687518117,1.30644324186564,0.879405491366754,0.532882243286393,0.243282889137336
0.961923847695391,1.80146283876423,1.26444337163242,0.846929974701802,0.510591493179159,0.231937320121071
0.963927855711423,1.74966363760309,1.22158831924546,0.813961336790656,0.488080570599487,0.220538699129125
0.965931863727455,1.69646618547611,1.17781599420732,0.78046756344785,0.465337406976873,0.209085150175315
0.967935871743487,1.64175238358761,1.13305567319633,0.746412397631349,0.442348415443898,0.197574573758628
0.969939879759519,1.58538583671026,1.08722617331836,0.711754471366388,0.419098191133429,0.186004604325721
0.971943887775551,1.52720757852984,1.0402334885197,0.676446189235967,0.395569128068226,0.174372556224349
0.973947895791583,1.46703041299525,0.991967680791856,0.640432269129852,0.371740921709736,0.162675353977959
0.975951903807615,1.40463127909206,0.942298714172752,0.603647799944874,0.347589911448027,0.150909440758745
0.977955911823647,1.33974072019159,0.891070751127153,0.566015601665662,0.323088193609395,0.139070655826324
0.979959919839679,1.27202798571853,0.838094147293864,0.527442549104344,0.298202396221322,0.127154066575815
0.981963927855711,1.20107931419495,0.783133883012457,0.487814304443273,0.272891938840445,0.115153732060872
0.983967935871743,1.12636512870732,0.725892253693902,0.44698750905617,0.247106477781378,0.103062359104125
0.985971943887776,1.04718829380122,0.665981852716554,0.404777722015439,0.220782001616702,0.0908707822275976
0.987975951903808,0.962597998096467,0.602881133765632,0.360939810645452,0.193834558854509,0.0785671379952157
0.98997995991984,0.871236247505617,0.535856259486824,0.315133918284928,0.166149519992118,0.0661354704091195
0.991983967935872,0.771038125978812,0.463810886454642,0.266861056384605,0.137561576836176,0.0535531737429965
0.993987975951904,0.658566645628404,0.384959119134151,0.215325479863948,0.107812821337021,0.0407857333389235
0.995991983967936,0.52721709098981,0.29596398143814,0.159080759292204,0.0764475655522426,0.0277738460663476
0.997995991983968,0.360298690609488,0.188735087478321,0.0947595336325984,0.0424481346816913,0.014390356635009
1,0,0,0,0,0
