rho_r_over_a,pressure_hom_MPa,pressure_fgm_MPa,pressure_hom_GPa,pressure_fgm_GPa
0,11669.9901323666,5904.13263755258,11.6699901323666,5.90413263755258
0.00200400801603206,11669.9666987221,5904.11488964992,11.6699666987221,5.90411488964992
0.00400801603206413,11669.8963975061,5904.06164583437,11.6698963975061,5.90406164583437
0.00601202404809619,11669.7792278717,5903.97290578327,11.6697792278717,5.90397290578327
0.00801603206412826,11669.6151884071,5903.84866895879,11.6696151884071,5.90384866895879
0.0100200400801603,11669.4042771358,5903.68893460797,11.6694042771358,5.90368893460797
0.0120240480961924,11669.1464915161,5903.49370176262,11.6691464915161,5.90349370176262
0.0140280561122244,11668.8418284415,5903.26296923933,11.6688418284415,5.90326296923933
0.0160320641282565,11668.4902842401,5902.99673563937,11.6684902842401,5.90299673563937
0.0180360721442886,11668.0918546745,5902.69499934861,11.6680918546745,5.90269499934861
0.0200400801603206,11667.6465349416,5902.35775853749,11.6676465349416,5.90235775853749
0.0220440881763527,11667.154319672,5901.98501116088,11.667154319672,5.90198501116088
0.0240480961923848,11666.6152029304,5901.57675495801,11.6666152029304,5.90157675495801
0.0260521042084168,11666.0291782142,5901.13298745233,11.6660291782142,5.90113298745233
0.0280561122244489,11665.3962384542,5900.65370595139,11.6653962384542,5.90065370595139
0.030060120240481,11664.7163760133,5900.13890754672,11.6647163760133,5.90013890754672
0.032064128256513,11663.9895826866,5899.58858911368,11.6639895826866,5.89958858911368
0.0340681362725451,11663.2158497005,5899.00274731129,11.6632158497005,5.89900274731129
0.0360721442885772,11662.3951677126,5898.38137858206,11.6623951677126,5.89838137858206
0.0380761523046092,11661.5275268106,5897.72447915183,11.6615275268106,5.89772447915183
0.0400801603206413,11660.6129165123,5897.03204502957,11.6606129165123,5.89703204502958
0.0420841683366733,11659.6513257644,5896.30407200718,11.6596513257644,5.89630407200718
0.0440881763527054,11658.6427429424,5895.54055565925,11.6586427429424,5.89554055565925
0.0460921843687375,11657.5871558494,5894.74149134288,11.6575871558494,5.89474149134288
0.0480961923847695,11656.4845517154,5893.90687419744,11.6564845517154,5.89390687419744
0.0501002004008016,11655.334917197,5893.03669914428,11.655334917197,5.89303669914428
0.0521042084168337,11654.1382383761,5892.13096088652,11.6541382383761,5.89213096088652
0.0541082164328657,11652.8945007592,5891.18965390878,11.6528945007592,5.89118965390878
0.0561122244488978,11651.6036892765,5890.21277247684,11.6516036892765,5.89021277247684
0.0581162324649299,11650.2657882813,5889.20031063744,11.6502657882813,5.88920031063744
0.0601202404809619,11648.8807815485,5888.15226221791,11.6488807815485,5.88815226221791
0.062124248496994,11647.4486522739,5887.06862082589,11.6474486522739,5.88706862082589
0.064128256513026,11645.9693830733,5885.94937984898,11.6459693830733,5.88594937984898
0.0661322645290581,11644.4429559812,5884.79453245443,11.6444429559812,5.88479453245443
0.0681362725450902,11642.8693524499,5883.60407158877,11.6428693524499,5.88360407158877
0.0701402805611222,11641.2485533481,5882.37798997749,11.6412485533481,5.88237798997749
0.0721442885771543,11639.58053896,5881.11628012459,11.63958053896,5.88111628012459
0.0741482965931864,11637.865288984,5879.81893431228,11.637865288984,5.87981893431228
0.0761523046092184,11636.1027825316,5878.48594460055,11.6361027825316,5.87848594460055
0.0781563126252505,11634.2929981256,5877.11730282677,11.6342929981256,5.87711730282677
0.0801603206412826,11632.4359136995,5875.71300060526,11.6324359136995,5.87571300060526
0.0821643286573146,11630.5315065957,5874.27302932688,11.6305315065957,5.87427302932688
0.0841683366733467,11628.579753564,5872.79738015855,11.628579753564,5.87279738015855
0.0861723446893788,11626.5806307606,5871.28604404288,11.6265806307606,5.87128604404288
0.0881763527054108,11624.5341137464,5869.73901169759,11.6245341137464,5.86973901169759
0.0901803607214429,11622.4401774853,5868.15627361514,11.6224401774853,5.86815627361514
0.0921843687374749,11620.2987963431,5866.53782006216,11.6202987963431,5.86653782006216
0.094188376753507,11618.1099440854,5864.883641079,11.6181099440854,5.864883641079
0.0961923847695391,11615.8735938764,5863.19372647919,11.6158735938764,5.86319372647919
0.0981963927855711,11613.589718277,5861.46806584893,11.613589718277,5.86146806584893
0.100200400801603,11611.2582892433,5859.70664854653,11.6112582892433,5.85970664854653
0.102204408817635,11608.8792781245,5857.90946370188,11.6088792781245,5.85790946370188
0.104208416833667,11606.4526556615,5856.07650021587,11.6064526556615,5.85607650021587
0.106212424849699,11603.9783919849,5854.20774675983,11.6039783919849,5.85420774675983
0.108216432865731,11601.456456613,5852.30319177492,11.601456456613,5.85230319177492
0.110220440881764,11598.8868184503,5850.36282347156,11.5988868184503,5.85036282347156
0.112224448897796,11596.269445785,5848.38662982878,11.596269445785,5.84838662982878
0.114228456913828,11593.6043062876,5846.37459859361,11.5936043062876,5.84637459859361
0.11623246492986,11590.8913670084,5844.32671728044,11.5908913670084,5.84432671728044
0.118236472945892,11588.1305943756,5842.24297317037,11.5881305943756,5.84224297317037
0.120240480961924,11585.3219541934,5840.12335331053,11.5853219541934,5.84012335331053
0.122244488977956,11582.4654116394,5837.96784451342,11.5824654116394,5.83796784451342
0.124248496993988,11579.5609312628,5835.77643335618,11.5795609312628,5.83577643335618
0.12625250501002,11576.6084769818,5833.54910617992,11.5766084769818,5.83354910617992
0.128256513026052,11573.6080120817,5831.28584908901,11.5736080120817,5.83128584908901
0.130260521042084,11570.5594992123,5828.98664795028,11.5705594992123,5.82898664795028
0.132264529058116,11567.4629003857,5826.65148839235,11.5674629003857,5.82665148839235
0.134268537074148,11564.3181769737,5824.2803558048,11.5643181769737,5.8242803558048
0.13627254509018,11561.1252897053,5821.87323533747,11.5611252897053,5.82187323533747
0.138276553106212,11557.8841986645,5819.43011189959,11.5578841986645,5.81943011189959
0.140280561122244,11554.5948632875,5816.95097015903,11.5545948632875,5.81695097015903
0.142284569138277,11551.2572423601,5814.43579454146,11.5512572423601,5.81443579454146
0.144288577154309,11547.8712940152,5811.88456922954,11.5478712940152,5.81188456922954
0.146292585170341,11544.4369757299,5809.29727816203,11.5444369757299,5.80929727816203
0.148296593186373,11540.9542443229,5806.67390503297,11.5409542443229,5.80667390503297
0.150300601202405,11537.4230559517,5804.01443329079,11.5374230559517,5.80401443329079
0.152304609218437,11533.8433661097,5801.31884613741,11.5338433661097,5.80131884613741
0.154308617234469,11530.2151296234,5798.58712652735,11.5302151296234,5.79858712652735
0.156312625250501,11526.5383006493,5795.81925716677,11.5265383006493,5.79581925716677
0.158316633266533,11522.8128326711,5793.0152205126,11.5228128326711,5.7930152205126
0.160320641282565,11519.0386784966,5790.17499877153,11.5190386784966,5.79017499877153
0.162324649298597,11515.2157902546,5787.29857389906,11.5152157902546,5.78729857389906
0.164328657314629,11511.3441193916,5784.38592759854,11.5113441193916,5.78438592759854
0.166332665330661,11507.423616669,5781.43704132013,11.507423616669,5.78143704132013
0.168336673346693,11503.4542321594,5778.45189625981,11.5034542321594,5.77845189625981
0.170340681362725,11499.4359152437,5775.43047335835,11.4994359152437,5.77543047335835
0.172344689378758,11495.3686146076,5772.37275330025,11.4953686146076,5.77237275330025
0.17434869739479,11491.2522782379,5769.27871651269,11.4912522782379,5.76927871651269
0.176352705410822,11487.0868534197,5766.14834316444,11.4870868534197,5.76614834316444
0.178356713426854,11482.8722867322,5762.98161316477,11.4828722867322,5.76298161316477
0.180360721442886,11478.6085240456,5759.77850616234,11.4786085240456,5.75977850616234
0.182364729458918,11474.2955105174,5756.53900154404,11.4742955105174,5.75653900154404
0.18436873747495,11469.9331905885,5753.26307843389,11.4699331905885,5.75326307843389
0.186372745490982,11465.5215079796,5749.95071569184,11.4655215079796,5.74995071569184
0.188376753507014,11461.0604056875,5746.60189191259,11.4610604056875,5.74660189191259
0.190380761523046,11456.5498259811,5743.21658542441,11.4565498259811,5.74321658542441
0.192384769539078,11451.9897103977,5739.7947742879,11.4519897103977,5.7397947742879
0.19438877755511,11447.3799997387,5736.33643629476,11.4473799997387,5.73633643629476
0.196392785571142,11442.7206340659,5732.84154896655,11.4427206340659,5.73284154896655
0.198396793587174,11438.0115526971,5729.31008955339,11.4380115526971,5.72931008955339
0.200400801603206,11433.2526942023,5725.74203503271,11.4332526942023,5.72574203503271
0.202404809619238,11428.4439963991,5722.13736210787,11.4284439963991,5.72213736210787
0.204408817635271,11423.5853963488,5718.49604720692,11.4235853963488,5.71849604720692
0.206412825651303,11418.6768303518,5714.81806648118,11.4186768303518,5.71481806648118
0.208416833667335,11413.7182339432,5711.10339580391,11.4137182339432,5.71110339580391
0.210420841683367,11408.7095418885,5707.3520107689,11.4087095418885,5.7073520107689
0.212424849699399,11403.650688179,5703.56388668909,11.403650688179,5.70356388668909
0.214428857715431,11398.541606027,5699.73899859511,11.398541606027,5.69973899859511
0.216432865731463,11393.3822278613,5695.87732123385,11.3933822278613,5.69587732123385
0.218436873747495,11388.1724853227,5691.97882906702,11.3881724853227,5.69197882906702
0.220440881763527,11382.9123092587,5688.04349626959,11.3829123092587,5.68804349626959
0.222444889779559,11377.6016297188,5684.07129672837,11.3776016297188,5.68407129672836
0.224448897795591,11372.2403759498,5680.06220404038,11.3722403759498,5.68006220404038
0.226452905811623,11366.8284763905,5676.01619151141,11.3668284763905,5.67601619151141
0.228456913827655,11361.3658586666,5671.93323215434,11.3613658586666,5.67193323215433
0.230460921843687,11355.8524495859,5667.81329868761,11.3558524495859,5.66781329868761
0.232464929859719,11350.2881751325,5663.65636353359,11.3502881751325,5.66365636353359
0.234468937875752,11344.6729604619,5659.46239881692,11.3446729604619,5.65946239881692
0.236472945891784,11339.0067298955,5655.23137636288,11.3390067298955,5.65523137636288
0.238476953907816,11333.2894069149,5650.96326769568,11.3332894069149,5.65096326769568
0.240480961923848,11327.5209141568,5646.65804403674,11.3275209141568,5.64665804403674
0.24248496993988,11321.7011734071,5642.315676303,11.3217011734071,5.642315676303
0.244488977955912,11315.830105595,5637.93613510512,11.315830105595,5.63793613510512
0.246492985971944,11309.9076307877,5633.51939074572,11.3099076307877,5.63351939074572
0.248496993987976,11303.933668184,5629.0654132176,11.303933668184,5.6290654132176
0.250501002004008,11297.9081361088,5624.57417220185,11.2979081361088,5.62457417220185
0.25250501002004,11291.8309520069,5620.04563706605,11.2918309520069,5.62004563706606
0.254509018036072,11285.7020324366,5615.47977686238,11.2857020324366,5.61547977686238
0.256513026052104,11279.5212930639,5610.8765603257,11.2795212930639,5.6108765603257
0.258517034068136,11273.288648656,5606.23595587161,11.273288648656,5.60623595587161
0.260521042084168,11267.004013075,5601.55793159454,11.267004013075,5.60155793159454
0.2625250501002,11260.6672992711,5596.84245526573,11.2606672992711,5.59684245526573
0.264529058116232,11254.2784192767,5592.08949433121,11.2542784192767,5.59208949433121
0.266533066132265,11247.8372841989,5587.2990159098,11.2478372841989,5.5872990159098
0.268537074148297,11241.3438042135,5582.47098679102,11.2413438042135,5.58247098679101
0.270541082164329,11234.7978885577,5577.60537343299,11.2347978885577,5.57760537343299
0.272545090180361,11228.1994455232,5572.70214196036,11.2281994455232,5.57270214196036
0.274549098196393,11221.5483824493,5567.76125816208,11.2215483824493,5.56776125816208
0.276553106212425,11214.8446057156,5562.78268748929,11.2148446057156,5.56278268748929
0.278557114228457,11208.088020735,5557.76639505309,11.208088020735,5.55776639505309
0.280561122244489,11201.278531946,5552.71234562227,11.201278531946,5.55271234562227
0.282565130260521,11194.4160428055,5547.62050362111,11.1944160428055,5.54762050362111
0.284569138276553,11187.5004557811,5542.49083312702,11.1875004557811,5.54249083312702
0.286573146292585,11180.5316723437,5537.32329786825,11.1805316723437,5.53732329786825
0.288577154308617,11173.5095929594,5532.1178612215,11.1735095929594,5.5321178612215
0.290581162324649,11166.4341170817,5526.87448620956,11.1664341170817,5.52687448620956
0.292585170340681,11159.3051431437,5521.59313549886,11.1593051431437,5.52159313549886
0.294589178356713,11152.1225685497,5516.27377139701,11.1521225685497,5.51627377139701
0.296593186372746,11144.8862896673,5510.91635585033,11.1448862896673,5.51091635585033
0.298597194388778,11137.5962018188,5505.52085044134,11.1375962018188,5.50552085044134
0.30060120240481,11130.2521992729,5500.08721638615,11.1302521992729,5.50008721638615
0.302605210420842,11122.854175236,5494.61541453192,11.122854175236,5.49461541453192
0.304609218436874,11115.4020218437,5489.10540535419,11.1154020218437,5.48910540535419
0.306613226452906,11107.8956301518,5483.55714895426,11.1078956301518,5.48355714895426
0.308617234468938,11100.3348901274,5477.97060505647,11.1003348901274,5.47797060505647
0.31062124248497,11092.7196906399,5472.34573300544,11.0927196906399,5.47234573300544
0.312625250501002,11085.0499194518,5466.68249176337,11.0850499194518,5.46668249176337
0.314629258517034,11077.3254632091,5460.98083990714,11.0773254632091,5.46098083990714
0.316633266533066,11069.5462074323,5455.24073562555,11.0695462074323,5.45524073562555
0.318637274549098,11061.7120365065,5449.46213671636,11.0617120365065,5.44946213671636
0.32064128256513,11053.8228336717,5443.64500058341,11.0538228336717,5.44364500058341
0.322645290581162,11045.8784810131,5437.78928423365,11.0458784810131,5.43778928423365
0.324649298597194,11037.8788594508,5431.89494427414,11.0378788594508,5.43189494427414
0.326653306613226,11029.8238487299,5425.96193690896,11.0298238487299,5.42596193690896
0.328657314629259,11021.7133274099,5419.99021793618,11.0217133274099,5.41999021793618
0.330661322645291,11013.5471728546,5413.97974274472,11.0135471728546,5.41397974274472
0.332665330661323,11005.3252612215,5407.93046631113,11.0053252612215,5.40793046631113
0.334669338677355,10997.0474674507,5401.84234319645,10.9970474674507,5.40184234319645
0.336673346693387,10988.7136652541,5395.7153275429,10.9887136652541,5.3957153275429
0.338677354709419,10980.3237271046,5389.54937307057,10.9803237271046,5.38954937307057
0.340681362725451,10971.8775242246,5383.34443307412,10.9718775242246,5.38334443307412
0.342685370741483,10963.3749265749,5377.10046041934,10.9633749265749,5.37710046041934
0.344689378757515,10954.8158028428,5370.81740753973,10.9548158028428,5.37081740753973
0.346693386773547,10946.2000204305,5364.49522643301,10.9462000204305,5.36449522643301
0.348697394789579,10937.5274454434,5358.13386865757,10.9375274454434,5.35813386865757
0.350701402805611,10928.7979426777,5351.73328532891,10.9287979426777,5.35173328532891
0.352705410821643,10920.0113756087,5345.29342711598,10.9200113756087,5.34529342711598
0.354709418837675,10911.1676063777,5338.81424423751,10.9111676063777,5.33881424423751
0.356713426853707,10902.2664957798,5332.29568645826,10.9022664957798,5.33229568645826
0.35871743486974,10893.3079032513,5325.73770308524,10.8933079032513,5.32573770308524
0.360721442885772,10884.2916868562,5319.14024296389,10.8842916868562,5.31914024296389
0.362725450901804,10875.2177032735,5312.50325447414,10.8752177032735,5.31250325447414
0.364729458917836,10866.0858077836,5305.8266855265,10.8660858077836,5.3058266855265
0.366733466933868,10856.8958542548,5299.11048355805,10.8568958542548,5.29911048355805
0.3687374749499,10847.6476951295,5292.35459552834,10.8476476951295,5.29235459552834
0.370741482965932,10838.3411814105,5285.55896791534,10.8383411814105,5.28555896791534
0.372745490981964,10828.9761626464,5278.72354671121,10.8289761626464,5.27872354671121
0.374749498997996,10819.5524869177,5271.8482774181,10.8195524869177,5.2718482774181
0.376753507014028,10810.0700008217,5264.93310504383,10.8100700008217,5.26493310504383
0.37875751503006,10800.5285494581,5257.97797409756,10.8005285494581,5.25797797409756
0.380761523046092,10790.9279764137,5250.98282858536,10.7909279764137,5.25098282858536
0.382765531062124,10781.2681237475,5243.94761200571,10.7812681237475,5.24394761200571
0.384769539078156,10771.5488319748,5236.87226734502,10.7715488319748,5.23687226734502
0.386773547094188,10761.7699400514,5229.75673707295,10.7617699400514,5.22975673707295
0.38877755511022,10751.9312853584,5222.6009631378,10.7519312853584,5.2226009631378
0.390781563126253,10742.032703685,5215.40488696171,10.742032703685,5.21540488696171
0.392785571142285,10732.0740292128,5208.1684494359,10.7320740292128,5.2081684494359
0.394789579158317,10722.0550944988,5200.89159091577,10.7220550944988,5.20089159091577
0.396793587174349,10711.9757304582,5193.57425121595,10.7119757304582,5.19357425121595
0.398797595190381,10701.8357663477,5186.2163696053,10.7018357663477,5.1862163696053
0.400801603206413,10691.6350297477,5178.81788480178,10.6916350297477,5.17881788480178
0.402805611222445,10681.3733465447,5171.37873496733,10.6813733465447,5.17137873496733
0.404809619238477,10671.0505409129,5163.8988577026,10.6710505409129,5.1638988577026
0.406813627254509,10660.6664352964,5156.37819004162,10.6606664352964,5.15637819004162
0.408817635270541,10650.2208503903,5148.81666844644,10.6502208503903,5.14881666844644
0.410821643286573,10639.713605122,5141.21422880163,10.639713605122,5.14121422880163
0.412825651302605,10629.1445166318,5133.57080640873,10.6291445166318,5.13357080640873
0.414829659318637,10618.5134002536,5125.88633598061,10.6185134002536,5.12588633598061
0.416833667334669,10607.8200694951,5118.16075163576,10.6078200694951,5.11816075163576
0.418837675350701,10597.0643360177,5110.39398689244,10.5970643360177,5.11039398689244
0.420841683366733,10586.2460096159,5102.58597466286,10.5862460096159,5.10258597466286
0.422845691382766,10575.3648981968,5094.73664724715,10.5753648981968,5.09473664724715
0.424849699398798,10564.4208077592,5086.84593632729,10.5644208077592,5.08684593632729
0.42685370741483,10553.4135423716,5078.91377296095,10.5534135423716,5.07891377296095
0.428857715430862,10542.3429041512,5070.94008757527,10.5423429041512,5.07094008757527
0.430861723446894,10531.2086932411,5062.92480996048,10.5312086932411,5.06292480996048
0.432865731462926,10520.0107077884,5054.86786926345,10.5200107077884,5.05486786926345
0.434869739478958,10508.7487439211,5046.76919398117,10.5087487439211,5.04676919398117
0.43687374749499,10497.4225957252,5038.62871195409,10.4974225957252,5.03862871195409
0.438877755511022,10486.0320552207,5030.44635035941,10.4860320552207,5.03044635035941
0.440881763527054,10474.5769123381,5022.22203570419,10.4745769123381,5.02222203570419
0.442885771543086,10463.0569548938,5013.95569381841,10.4630569548938,5.01395569381841
0.444889779559118,10451.4719685656,5005.64724984795,10.4514719685656,5.00564724984795
0.44689378757515,10439.8217368675,4997.29662824737,10.4398217368675,4.99729662824737
0.448897795591182,10428.1060411239,4988.90375277265,10.4281060411239,4.98890375277265
0.450901803607214,10416.324660444,4980.46854647384,10.416324660444,4.98046854647384
0.452905811623247,10404.4773716953,4971.99093168748,10.4044773716953,4.97199093168748
0.454909819639279,10392.5639494766,4963.47083002902,10.3925639494766,4.96347083002902
0.456913827655311,10380.584166091,4954.90816238509,10.380584166091,4.95490816238509
0.458917835671343,10368.5377915178,4946.30284890559,10.3685377915178,4.94630284890559
0.460921843687375,10356.4245933846,4937.65480899575,10.3564245933846,4.93765480899575
0.462925851703407,10344.2443369387,4928.96396130796,10.3442443369387,4.92896396130796
0.464929859719439,10331.9967850174,4920.23022373357,10.3319967850174,4.92023022373357
0.466933867735471,10319.6816980189,4911.45351339449,10.3196816980189,4.91145351339449
0.468937875751503,10307.2988338721,4902.63374663469,10.3072988338721,4.90263374663469
0.470941883767535,10294.8479480054,4893.77083901156,10.2948479480054,4.89377083901156
0.472945891783567,10282.328793316,4884.86470528709,10.282328793316,4.88486470528709
0.474949899799599,10269.7411201382,4875.91525941898,10.2697411201382,4.87591525941898
0.476953907815631,10257.0846762106,4866.92241455154,10.2570846762106,4.86692241455154
0.478957915831663,10244.3592066438,4857.88608300649,10.2443592066438,4.85788608300649
0.480961923847695,10231.5644538867,4848.80617627358,10.2315644538867,4.84880617627358
0.482965931863727,10218.7001576924,4839.68260500103,10.2187001576924,4.83968260500103
0.48496993987976,10205.766055084,4830.51527898594,10.205766055084,4.83051527898594
0.486973947895792,10192.7618803189,4821.30410716435,10.1927618803189,4.82130410716435
0.488977955911824,10179.6873648534,4812.04899760128,10.1796873648534,4.81204899760128
0.490981963927856,10166.5422373059,4802.74985748057,10.1665422373059,4.80274985748057
0.492985971943888,10153.3262234201,4793.40659309451,10.1533262234201,4.79340659309451
0.49498997995992,10140.039046027,4784.01910983337,10.140039046027,4.78401910983337
0.496993987975952,10126.6804250065,4774.58731217465,10.1266804250065,4.77458731217465
0.498997995991984,10113.2500772483,4765.11110367226,10.1132500772483,4.76511110367226
0.501002004008016,10099.7477166122,4755.59038694545,10.0997477166122,4.75559038694545
0.503006012024048,10086.1730538871,4746.02506366756,10.0861730538871,4.74602506366756
0.50501002004008,10072.5257967503,4736.41503455461,10.0725257967503,4.73641503455461
0.507014028056112,10058.8056497249,4726.76019935364,10.0588056497249,4.72676019935364
0.509018036072144,10045.0123141373,4717.06045683089,10.0450123141373,4.71706045683089
0.511022044088176,10031.1454880736,4707.3157047598,10.0311454880736,4.7073157047598
0.513026052104208,10017.204866335,4697.52583990872,10.017204866335,4.69752583990872
0.51503006012024,10003.1901403925,4687.69075802848,10.0031901403925,4.68769075802848
0.517034068136273,9989.10099834134,4677.81035383972,9.98910099834134,4.67781035383972
0.519038076152305,9974.93712485333,4667.88452102001,9.97493712485333,4.66788452102001
0.521042084168337,9960.6982011296,4657.91315219068,9.9606982011296,4.65791315219068
0.523046092184369,9946.38390485164,4647.89613890353,9.94638390485164,4.64789613890353
0.525050100200401,9931.9939101317,4637.83337162721,9.9319939101317,4.63783337162721
0.527054108216433,9917.5278874622,4627.72473973339,9.9175278874622,4.62772473973339
0.529058116232465,9902.98550366422,4617.57013148267,9.90298550366422,4.61757013148267
0.531062124248497,9888.36642183495,4607.36943401031,9.88836642183496,4.60736943401031
0.533066132264529,9873.67030129416,4597.12253331156,9.87367030129416,4.59712253331156
0.535070140280561,9858.89679752961,4586.82931422687,9.85889679752961,4.58682931422687
0.537074148296593,9844.04556214145,4576.48966042674,9.84404556214145,4.57648966042674
0.539078156312625,9829.11624278551,4566.10345439632,9.82911624278551,4.56610345439632
0.541082164328657,9814.10848311548,4555.67057741977,9.81410848311548,4.55567057741977
0.543086172344689,9799.02192272394,4545.19090956423,9.79902192272395,4.54519090956423
0.545090180360721,9783.8561970823,4534.66432966362,9.7838561970823,4.53466432966362
0.547094188376753,9768.61093747943,4524.09071530201,9.76861093747943,4.52409071530201
0.549098196392786,9753.28577095924,4513.46994279683,9.75328577095924,4.51346994279683
0.551102204408818,9737.88032025683,4502.8018871816,9.73788032025683,4.5028018871816
0.55310621242485,9722.39420373348,4492.08642218847,9.72239420373348,4.49208642218847
0.555110220440882,9706.82703531033,4481.32342023036,9.70682703531033,4.48132342023036
0.557114228456914,9691.17842440065,4470.5127523828,9.69117842440065,4.4705127523828
0.559118236472946,9675.4479758408,4459.65428836535,9.6754479758408,4.45965428836535
0.561122244488978,9659.63528981974,4448.74789652279,9.65963528981974,4.44874789652279
0.56312625250501,9643.73996180714,4437.79344380584,9.64373996180714,4.43779344380584
0.565130260521042,9627.76158247996,4426.79079575154,9.62776158247996,4.42679079575154
0.567134268537074,9611.69973764756,4415.73981646328,9.61169973764756,4.41573981646328
0.569138276553106,9595.55400817521,4404.64036859039,9.59555400817521,4.40464036859039
0.571142284569138,9579.32396990604,4393.49231330739,9.57932396990604,4.39349231330739
0.57314629258517,9563.00919358135,4382.29551029277,9.56300919358135,4.38229551029277
0.575150300601202,9546.60924475923,4371.04981770739,9.54660924475923,4.37104981770739
0.577154308617234,9530.12368373147,4359.75509217246,9.53012368373147,4.35975509217246
0.579158316633267,9513.55206543868,4348.41118874704,9.51355206543868,4.34841118874704
0.581162324649299,9496.89393938363,4337.01796090513,9.49689393938363,4.33701796090513
0.583166332665331,9480.14884954274,4325.57526051229,9.48014884954274,4.32557526051229
0.585170340681363,9463.31633427561,4314.08293780175,9.46331633427561,4.31408293780175
0.587174348697395,9446.39592623263,4302.5408413501,9.44639592623263,4.3025408413501
0.589178356713427,9429.38715226061,4290.94881805244,9.42938715226061,4.29094881805244
0.591182364729459,9412.28953330625,4279.30671309703,9.41228953330625,4.27930671309703
0.593186372745491,9395.10258431761,4267.6143699394,9.39510258431761,4.2676143699394
0.595190380761523,9377.82581414329,4255.87163027599,9.37782581414329,4.25587163027599
0.597194388777555,9360.4587254295,4244.07833401714,9.3604587254295,4.24407833401714
0.599198396793587,9343.00081451469,4232.23431925961,9.34300081451469,4.23223431925961
0.601202404809619,9325.45157132196,4220.33942225849,9.32545157132196,4.22033942225849
0.603206412825651,9307.81047924892,4208.39347739845,9.30781047924892,4.20839347739845
0.605210420841683,9290.0770150552,4196.39631716452,9.2900770150552,4.19639631716452
0.607214428857715,9272.25064874725,4184.34777211212,9.27225064874725,4.18434777211212
0.609218436873748,9254.33084346063,4172.24767083651,9.25433084346063,4.17224767083651
0.61122244488978,9236.31705533951,4160.09583994156,9.23631705533951,4.16009583994156
0.613226452905812,9218.20873341347,4147.89210400785,9.21820873341347,4.14789210400785
0.615230460921844,9200.00531947136,4135.63628556011,9.20000531947136,4.13563628556011
0.617234468937876,9181.70624793225,4123.32820503386,9.18170624793225,4.12332820503386
0.619238476953908,9163.31094571339,4110.96768074143,9.16331094571339,4.11096768074143
0.62124248496994,9144.81883209502,4098.55452883713,9.14481883209502,4.09855452883713
0.623246492985972,9126.22931858194,4086.08856328171,9.12622931858194,4.08608856328171
0.625250501002004,9107.54180876186,4073.56959580598,9.10754180876186,4.07356959580598
0.627254509018036,9088.75569816034,4060.99743587367,9.08875569816034,4.06099743587367
0.629258517034068,9069.87037409217,4048.3718906434,9.06987037409217,4.0483718906434
0.6312625250501,9050.88521550923,4035.69276492979,9.05088521550923,4.03569276492979
0.633266533066132,9031.79959284463,4022.95986116374,9.03179959284463,4.02295986116374
0.635270541082164,9012.61286785298,4010.17297935169,9.01261286785298,4.01017297935169
0.637274549098196,8993.32439344683,3997.33191703409,8.99332439344683,3.99733191703409
0.639278557114228,8973.93351352898,3984.43646924275,8.97393351352898,3.98443646924275
0.64128256513026,8954.43956282063,3971.48642845731,8.95443956282063,3.97148642845731
0.643286573146293,8934.84186668527,3958.48158456064,8.93484186668527,3.95848158456064
0.645290581162325,8915.13974094813,3945.42172479316,8.91513974094813,3.94542172479316
0.647294589178357,8895.33249171099,3932.30663370618,8.89533249171099,3.93230663370618
0.649298597194389,8875.41941516242,3919.13609311398,8.87541941516242,3.91913609311398
0.651302605210421,8855.39979738299,3905.90988204489,8.85539979738299,3.90590988204489
0.653306613226453,8835.27291414562,3892.62777669107,8.83527291414562,3.89262777669107
0.655310621242485,8815.0380307107,3879.28955035711,8.8150380307107,3.87928955035711
0.657314629258517,8794.69440161581,3865.89497340744,8.79469440161581,3.86589497340744
0.659318637274549,8774.24127046009,3852.44381321233,8.77424127046009,3.85244381321233
0.661322645290581,8753.67786968276,3838.93583409267,8.75367786968276,3.83893583409267
0.663326653306613,8733.00342033589,3825.37079726326,8.73300342033589,3.82537079726326
0.665330661322645,8712.21713185105,3811.74846077483,8.71221713185105,3.81174846077483
0.667334669338677,8691.31820179974,3798.06857945445,8.69131820179974,3.79806857945445
0.669338677354709,8670.30581564734,3784.33090484455,8.67030581564734,3.78433090484455
0.671342685370741,8649.17914650036,3770.53518514029,8.64917914650036,3.77053518514029
0.673346693386774,8627.93735484682,3756.68116512542,8.62793735484682,3.75668116512542
0.675350701402806,8606.57958828951,3742.76858610644,8.60657958828951,3.74276858610644
0.677354709418838,8585.10498127182,3728.79718584502,8.58510498127182,3.72879718584502
0.67935871743487,8563.51265479597,3714.76669848872,8.56351265479597,3.71476669848872
0.681362725450902,8541.80171613338,3700.67685449986,8.54180171613339,3.70067685449986
0.683366733466934,8519.97125852686,3686.52738058251,8.51997125852686,3.68652738058251
0.685370741482966,8498.02036088431,3672.31799960753,8.49802036088431,3.67231799960753
0.687374749498998,8475.94808746377,3658.04843053564,8.47594808746377,3.65804843053564
0.68937875751503,8453.75348754937,3643.71838833838,8.45375348754937,3.64371838833838
0.691382765531062,8431.43559511793,3629.32758391694,8.43143559511793,3.62932758391694
0.693386773547094,8408.99342849583,3614.87572401878,8.40899342849583,3.61487572401878
0.695390781563126,8386.4259900059,3600.36251115196,8.3864259900059,3.60036251115196
0.697394789579158,8363.73226560385,3585.78764349709,8.36373226560385,3.58578764349709
0.69939879759519,8340.91122450391,3571.15081481682,8.34091122450391,3.57115081481682
0.701402805611222,8317.96181879333,3556.45171436287,8.31796181879333,3.55645171436287
0.703406813627255,8294.88298303527,3541.6900267803,8.29488298303527,3.5416900267803
0.705410821643287,8271.67363385962,3526.8654320092,8.27167363385962,3.5268654320092
0.707414829659319,8248.33266954145,3511.97760518348,8.24833266954145,3.51197760518348
0.709418837675351,8224.85896956642,3497.02621652679,8.22485896956642,3.49702621652679
0.711422845691383,8201.25139418281,3482.01093124537,8.20125139418281,3.48201093124537
0.713426853707415,8177.50878393963,3466.93140941786,8.17750878393963,3.46693140941786
0.715430861723447,8153.6299592102,3451.78730588178,8.1536299592102,3.45178730588178
0.717434869739479,8129.61371970074,3436.57827011669,8.12961371970074,3.43657827011669
0.719438877755511,8105.45884394331,3421.30394612387,8.10545884394331,3.42130394612387
0.721442885771543,8081.16408877255,3405.9639723024,8.08116408877255,3.4059639723024
0.723446893787575,8056.72818878553,3390.55798132141,8.05672818878553,3.39055798132141
0.725450901803607,8032.14985578405,3375.08559998856,8.03214985578405,3.37508559998856
0.727454909819639,8007.42777819869,3359.54644911435,8.00742777819869,3.35954644911435
0.729458917835671,7982.56062049392,3343.94014337237,7.98256062049392,3.34394014337237
0.731462925851703,7957.5470225534,3328.26629115506,7.9575470225534,3.32826629115506
0.733466933867735,7932.38559904476,3312.52449442507,7.93238559904476,3.31252449442507
0.735470941883767,7907.07493876294,3296.71434856178,7.90707493876294,3.29671434856178
0.7374749498998,7881.61360395123,3280.83544220307,7.88161360395123,3.28083544220307
0.739478957915832,7856.00012959912,3264.88735708191,7.85600012959912,3.26488735708191
0.741482965931864,7830.23302271583,3248.86966785768,7.83023302271583,3.24886966785768
0.743486973947896,7804.31076157874,3232.78194194202,7.80431076157874,3.23278194194202
0.745490981963928,7778.23179495532,3216.62373931891,7.77823179495532,3.21662373931891
0.74749498997996,7751.99454129774,3200.39461235883,7.75199454129775,3.20039461235883
0.749498997995992,7725.59738790873,3184.09410562665,7.72559738790873,3.18409410562665
0.751503006012024,7699.0386900775,3167.72175568316,7.6990386900775,3.16772175568316
0.753507014028056,7672.31677018451,3151.27709087969,7.67231677018451,3.15127709087969
0.755511022044088,7645.42991677346,3134.75963114592,7.64542991677346,3.13475963114591
0.75751503006012,7618.37638358927,3118.16888777012,7.61837638358927,3.11816888777012
0.759519038076152,7591.15438858036,3101.50436317198,7.59115438858036,3.10150436317198
0.761523046092184,7563.7621128636,3084.76555066728,7.5637621128636,3.08476555066728
0.763527054108216,7536.19769965033,3067.95193422437,7.53619769965033,3.06795193422437
0.765531062124248,7508.45925313143,3051.06298821184,7.50845925313143,3.05106298821184
0.767535070140281,7480.54483731974,3034.09817713719,7.48054483731974,3.03409817713719
0.769539078156313,7452.45247484767,3017.05695537597,7.45245247484767,3.01705695537597
0.771543086172345,7424.18014571785,2999.93876689103,7.42418014571785,2.99993876689103
0.773547094188377,7395.72578600472,2982.74304494134,7.39572578600472,2.98274304494134
0.775551102204409,7367.08728650443,2965.46921178001,7.36708728650443,2.96546921178001
0.777555110220441,7338.26249133071,2948.11667834089,7.33826249133071,2.94811667834089
0.779559118236473,7309.24919645398,2930.68484391335,7.30924919645398,2.93068484391335
0.781563126252505,7280.04514818083,2913.1730958045,7.28004514818083,2.9131730958045
0.783567134268537,7250.64804157085,2895.58080898843,7.25064804157085,2.89558080898843
0.785571142284569,7221.05551878776,2877.90734574174,7.22105551878776,2.87790734574174
0.787575150300601,7191.26516738127,2860.15205526465,7.19126516738126,2.86015205526465
0.789579158316633,7161.27451849621,2842.31427328715,7.1612745184962,2.84231427328715
0.791583166332665,7131.0810450051,2824.39332165919,7.1310810450051,2.82439332165919
0.793587174348697,7100.68215956009,2806.38850792444,7.10068215956009,2.80638850792444
0.795591182364729,7070.07521255996,2788.2991248764,7.07007521255996,2.7882991248764
0.797595190380762,7039.25749002768,2770.12445009628,7.03925749002768,2.77012445009628
0.799599198396794,7008.22621139348,2751.86374547158,7.00822621139348,2.75186374547158
0.801603206412826,6976.97852717855,2733.51625669427,6.97697852717855,2.73351625669427
0.803607214428858,6945.51151657345,2715.08121273769,6.94551151657345,2.71508121273769
0.80561122244489,6913.8221849057,2696.55782531087,6.9138221849057,2.69655782531087
0.807615230460922,6881.90746099002,2677.94528828911,6.88190746099002,2.67794528828911
0.809619238476954,6849.76419435457,2659.24277711958,6.84976419435457,2.65924277711958
0.811623246492986,6817.38915233609,2640.44944820043,6.81738915233609,2.64044944820043
0.813627254509018,6784.77901703612,2621.56443823212,6.78477901703612,2.62156443823212
0.81563126252505,6751.93038213024,2602.58686353921,6.75193038213024,2.60258686353921
0.817635270541082,6718.83974952143,2583.51581936111,6.71883974952143,2.58351581936111
0.819639278557114,6685.50352582818,2564.35037910988,6.68550352582818,2.56435037910988
0.821643286573146,6651.91801869722,2545.08959359319,6.65191801869722,2.54508959359319
0.823647294589178,6618.07943293011,2525.73249020047,6.61807943293011,2.52573249020047
0.82565130260521,6583.98386641191,2506.27807204997,6.58398386641191,2.50627807204997
0.827655310621243,6549.62730582955,2486.7253170944,6.54962730582955,2.4867253170944
0.829659318637275,6515.0056221664,2467.07317718264,6.5150056221664,2.46707317718264
0.831663326653307,6480.1145659585,2447.32057707486,6.4801145659585,2.44732057707486
0.833667334669339,6444.94976229693,2427.46641340804,6.44494976229693,2.42746641340805
0.835671342685371,6409.5067055594,2407.5095536089,6.4095067055594,2.4075095536089
0.837675350701403,6373.78075385298,2387.44883475072,6.37378075385298,2.38744883475072
0.839679358717435,6337.76712314821,2367.28306235057,6.33776712314821,2.36728306235057
0.841683366733467,6301.46088108353,2347.01100910303,6.30146088108353,2.34701100910303
0.843687374749499,6264.85694041689,2326.63141354603,6.26485694041689,2.32663141354603
0.845691382765531,6227.95005209976,2306.14297865451,6.22795005209976,2.30614297865451
0.847695390781563,6190.73479794644,2285.54437035677,6.19073479794644,2.28554437035677
0.849699398797595,6153.20558286952,2264.83421596834,6.15320558286952,2.26483421596834
0.851703406813627,6115.35662664936,2244.01110253745,6.11535662664936,2.24401110253745
0.853707414829659,6077.18195520324,2223.07357509602,6.07718195520324,2.22307357509602
0.855711422845691,6038.67539131617,2202.02013480928,6.03867539131617,2.20202013480928
0.857715430861723,5999.83054479233,2180.84923701664,5.99983054479234,2.18084923701664
0.859719438877755,5960.64080198217,2159.55928915586,5.96064080198217,2.15955928915586
0.861723446893788,5921.09931463594,2138.14864856172,5.92109931463594,2.13814864856172
0.86372745490982,5881.19898803006,2116.61562012963,5.88119898803006,2.11661562012963
0.865731462925852,5840.93246830721,2094.95845383394,5.84093246830721,2.09495845383395
0.867735470941884,5800.29212896565,2073.17534208935,5.80029212896565,2.07317534208935
0.869739478957916,5759.27005642663,2051.2644169431,5.75927005642663,2.0512644169431
0.871743486973948,5717.85803460176,2029.22374708435,5.71785803460176,2.02922374708435
0.87374749498998,5676.04752837425,2007.05133465559,5.67604752837425,2.00705133465559
0.875751503006012,5633.82966589894,1984.74511184973,5.63382966589894,1.98474511184973
0.877755511022044,5591.19521961615,1962.30293727481,5.59119521961615,1.96230293727481
0.879759519038076,5548.13458586307,1939.72259206617,5.54813458586307,1.93972259206617
0.881763527054108,5504.63776295384,1917.00177572412,5.50463776295384,1.91700177572412
0.88376753507014,5460.69432758517,1894.13810165276,5.46069432758517,1.89413810165276
0.885771543086172,5416.29340940835,1871.1290923728,5.41629340940835,1.8711290923728
0.887775551102204,5371.42366359011,1847.97217437841,5.37142366359011,1.84797217437841
0.889779559118236,5326.07324116437,1824.66467260486,5.32607324116437,1.82466467260486
0.891783567134269,5280.22975695325,1801.20380446968,5.28022975695325,1.80120380446968
0.893787575150301,5233.88025480886,1777.5866734459,5.23388025480886,1.7775866734459
0.895791583166333,5187.01116989711,1753.81026212122,5.18701116989711,1.75381026212122
0.897795591182365,5139.60828770956,1729.87142469096,5.13960828770956,1.72987142469096
0.899799599198397,5091.65669944903,1705.76687882667,5.09165669944903,1.70576687882667
0.901803607214429,5043.14075338886,1681.49319685489,5.04314075338886,1.68149319685489
0.903807615230461,4994.04400175198,1657.04679617194,4.99404400175198,1.65704679617194
0.905811623246493,4944.34914259443,1632.42392881136,4.94434914259443,1.63242392881136
0.907815631262525,4894.03795610635,1607.62067006922,4.89403795610635,1.60762067006922
0.909819639278557,4843.09123466004,1582.63290607975,4.84309123466004,1.58263290607975
0.911823647294589,4791.48870583749,1557.45632021867,4.79148870583749,1.55745632021867
0.913827655310621,4739.20894755565,1532.0863781944,4.73920894755565,1.5320863781944
0.915831663326653,4686.2292942739,1506.51831166666,4.6862292942739,1.50651831166666
0.917835671342685,4632.52573310998,1480.7471002082,4.63252573310998,1.4807471002082
0.919839679358717,4578.07278850363,1454.76745139733,4.57807278850363,1.45476745139733
0.92184368737475,4522.8433938447,1428.57377879548,4.5228433938447,1.42857377879548
0.923847695390782,4466.808748217,1402.16017752477,4.466808748217,1.40216017752477
0.925851703406814,4409.93815609099,1375.52039711322,4.40993815609099,1.37552039711322
0.927855711422846,4352.19884741522,1348.64781121949,4.35219884741522,1.34864781121949
0.929859719438878,4293.5557750929,1321.53538378082,4.2935557750929,1.32153538378082
0.93186372745491,4233.97138626619,1294.17563104664,4.23397138626619,1.29417563104664
0.933867735470942,4173.4053631422,1266.56057886087,4.1734053631422,1.26656057886087
0.935871743486974,4111.81432824772,1238.68171443512,4.11181432824772,1.23868171443512
0.937875751503006,4049.15150795304,1210.52993170614,4.04915150795305,1.21052993170614
0.939879759519038,3985.36634680296,1182.09546918768,3.98536634680296,1.18209546918768
0.94188376753507,3920.40406356242,1153.3678389988,3.92040406356242,1.1533678389988
0.943887775551102,3854.20513782802,1124.33574546546,3.85420513782802,1.12433574546546
0.945891783567134,3786.70471344401,1094.98699133247,3.78670471344401,1.09498699133247
0.947895791583166,3717.83190161608,1065.3083691667,3.71783190161608,1.0653083691667
0.949899799599198,3647.50896229541,1035.2855349475,3.64750896229541,1.0352855349475
0.95190380761523,3575.65033677406,1004.90286008515,3.57565033677406,1.00490286008515
0.953907815631262,3502.16149702088,974.143257123638,3.50216149702088,0.974143257123638
0.955911823647295,3426.93756742877,942.987973086289,3.42693756742877,0.942987973086289
0.957915831663327,3349.86166138092,911.416342695322,3.34986166138092,0.911416342695322
0.959919839679359,3270.80285697881,879.405491366754,3.27080285697881,0.879405491366754
0.961923847695391,3189.61371133682,846.929974701802,3.18961371133682,0.846929974701802
0.963927855711423,3106.12717791318,813.961336790656,3.10612717791318,0.813961336790656
0.965931863727455,3020.15274161588,780.46756344785,3.02015274161588,0.78046756344785
0.967935871743487,2931.47151436014,746.412397631349,2.93147151436014,0.746412397631349
0.969939879759519,2839.82992726958,711.754471366388,2.83982992726959,0.711754471366388
0.971943887775551,2744.93149488707,676.446189235967,2.74493149488707,0.676446189235967
0.973947895791583,2646.42587784468,640.432269129852,2.64642587784468,0.640432269129852
0.975951903807615,2543.89407439165,603.647799944874,2.54389407439165,0.603647799944874
0.977955911823647,2436.82792088812,566.015601665662,2.43682792088812,0.566015601665662
0.979959919839679,2324.6009743203,527.442549104344,2.32460097432031,0.527442549104344
0.981963927855711,2206.42588434279,487.814304443273,2.20642588434279,0.487814304443273
0.983967935871743,2081.28969532855,446.98750905617,2.08128969532855,0.44698750905617
0.985971943887776,1947.85125924947,404.77772201544,1.94785125924947,0.404777722015439
0.987975951903808,1804.26948650546,360.939810645452,1.80426948650546,0.360939810645452
0.98997995991984,1647.89512749009,315.133918284928,1.64789512749009,0.315133918284928
0.991983967935872,1474.66417938881,266.861056384605,1.47466417938881,0.266861056384605
0.993987975951904,1277.73888264988,215.325479863948,1.27773888264988,0.215325479863948
0.995991983967936,1043.79355334006,159.080759292205,1.04379355334006,0.159080759292204
0.997995991983968,738.44392559567,94.7595336325984,0.73844392559567,0.0947595336325984
1,0,0,0,0
