P_N,a_hom_mm,a_fgm_mm,h_hom_mm,h_fgm_mm,p0_hom_MPa,p0_fgm_MPa,p0_hom_GPa,p0_fgm_GPa,severity_index,pressure_reduction_percent,a_over_D_hom,a_over_D_fgm
500,0.192802351304521,0.318581679020605,0.00780940056062014,0.0142433727690097,6422.24306873214,2741.85304803271,6.42224306873214,2.74185304803271,0.426930749691167,57.3069250308833,0.0202523478261051,0.0334644620819963
512.562814070352,0.194403773083719,0.320850416367387,0.00793966953554329,0.014446959701353,6475.58640117587,2771.13475290977,6.47558640117587,2.77113475290977,0.427935723690842,57.2064276309158,0.0204205643995503,0.033702774828507
525.125628140703,0.195979237026008,0.323079788671927,0.00806887843388575,0.0146484214715561,6528.06507851017,2800.00880936424,6.52806507851017,2.80000880936424,0.428918642153497,57.1081357846503,0.0205860543094546,0.0339369525915889
537.688442211055,0.197529770119492,0.32527139672474,0.0081970609419032,0.0148478303283406,6579.71330969143,2828.49044582677,6.57971330969143,2.82849044582677,0.429880499756823,57.0119500243177,0.0207489254327197,0.0341671635215063
550.251256281407,0.199056335845606,0.327426740624271,0.0083242489160249,0.0150452544410717,6630.56318827,2856.59398148657,6.63056318827,2.85659398148657,0.430822224353448,56.9177775646552,0.0209092789753787,0.0343935651916251
562.814070351759,0.200559839456817,0.329547228248376,0.00845047252162691,0.0152407582175818,6680.6448681903,2884.33289998123,6.6806448681903,2.88433289998123,0.431744682869598,56.8255317130402,0.0210672100269765,0.0346163054882748
575.376884422111,0.202041132708448,0.331634182841182,0.00857576035842702,0.015434402590719,6729.98672140776,2911.71991561145,6.72998672140776,2.91171991561145,0.432648686564182,56.7351313435818,0.0212228080576101,0.0348355234076872
587.939698492462,0.203501018111697,0.333688849824849,0.00870013957405405,0.0156262452773096,6778.61547955683,2938.76703298485,6.77861547955683,2.93876703298485,0.43353499572998,56.646500427002,0.0213761573646741,0.0350513497715178
600.502512562814,0.204940252765442,0.335712402930204,0.00882363596713517,0.0158163410127217,6826.55636158838,2965.4856008667,6.82655636158838,2.9654856008667,0.434404323906687,56.5595676093313,0.0215273374753616,0.0352639078708197
613.065326633166,0.206359551816434,0.337705949727084,0.00894627408106714,0.0160047417637898,6873.83318902859,2991.88636090909,6.87383318902859,2.99188636090909,0.435257341665562,56.4742658334438,0.0216764235101296,0.0354733140469626
625.628140703518,0.207759591590751,0.339670536624196,0.00906807728948644,0.0161914969224962,6920.4684902877,3017.97949184011,6.9204684902877,3.01797949184011,0.436094680017053,56.3905319982947,0.0218234865116335,0.0356796782168273
638.190954773869,0.209141012433683,0.341607153398934,0.00918906787432482,0.0163766534825004,6966.4835952566,3043.77464961822,6.9664835952566,3.04377464961822,0.436916933485739,56.3083066514261,0.021968593743034,0.0358831043486276
650.753768844221,0.210504421290379,0.343516737309685,0.00930926709722633,0.0165602562003406,7011.89872126785,3069.2810039921,7.01189872126785,3.0692810039921,0.437724662890899,56.2275337109101,0.0221118089590734,0.0360836908938745
663.316582914573,0.211850394055417,0.345400176836365,0.00942869526500741,0.0167423477429077,7056.73305136019,3094.50727185058,7.05673305136019,3.09450727185058,0.438518397866008,56.1481602133992,0.0222531926528799,0.0362815311802904
675.879396984925,0.21317947771598,0.347258315089166,0.00954737178976005,0.0169229688225985,7101.00480566745,3119.46174769966,7.10100480566745,3.11946174769966,0.439298639146104,56.0701360853896,0.0223928022810903,0.0364767137698704
688.442211055276,0.214492192310227,0.349091952920529,0.00966531524412762,0.0171021583213863,7144.73130665194,3144.15233156268,7.14473130665194,3.14415233156268,0.440065860648305,55.9934139351695,0.0225306924695617,0.0366693227857699
701.005025125628,0.215789032719867,0.35090185177109,0.00978254341222183,0.0172799534049022,7187.92903881501,3168.58655456437,7.18792903881501,3.16858655456437,0.440820511367588,55.9179488632412,0.0226669152016667,0.0368594382112489
713.56783919598,0.217070470313672,0.352688736276677,0.00989907333659642,0.0174563896274958,7230.61370344253,3192.7716024289,7.23061370344253,3.1927716024289,0.441563017107222,55.8436982892778,0.022801519990932,0.0370471361635165
726.130653266332,0.218336954456727,0.354453296660259,0.0100149213616468,0.0176315010291347,7272.80026887784,3216.71433709564,7.27280026887784,3.21671433709564,0.442293782060918,55.7706217939082,0.0229345540395722,0.0372324891449852
738.693467336683,0.219588913898493,0.356196190929967,0.0101301031737646,0.017805320224906,7314.50301675831,3240.42131663316,7.31450301675831,3.24042131663316,0.443013190261732,55.6986809738268,0.0230660623842955,0.0374155662741562
751.256281407035,0.220826758051314,0.357918046901931,0.0102446338385406,0.0179778784878009,7355.7355846022,3263.89881361211,7.3557355846022,3.26389881361211,0.443721606911,55.6278393089,0.0231960880306002,0.037596433498102
763.819095477387,0.222050878169683,0.359619464064577,0.0103585278352789,0.0181492058253894,7396.51100509008,3287.15283207976,7.39651100509008,3.28715283207976,0.444419379599061,55.5580620400939,0.0233246720766474,0.0377751537882959
776.381909547739,0.223261648439474,0.361301015299197,0.010471799089057,0.0183193310509297,7436.84174234706,3310.1891232639,7.43684174234706,3.3101891232639,0.445106839428213,55.4893160571787,0.0234518538276758,0.0379517873213443
788.94472361809,0.224459426985347,0.362963248470007,0.0105844610005442,0.0184882818493991,7476.73972549957,3333.01320012017,7.47673972549957,3.33301320012017,0.445784302047169,55.4215697952831,0.0235776709018222,0.0381263916460092
801.507537688442,0.225644556803682,0.364606687895504,0.0106965264737669,0.0186560848388835,7516.2163797512,3355.63035082482,7.5162163797512,3.35563035082482,0.446452068605281,55.3547931394719,0.0237021593281179,0.038299021837763
814.070351758794,0.226817366627611,0.366231835711696,0.0108080079419925,0.0188227656277202,7555.28265519704,3378.04565130488,7.55528265519704,3.37804565130488,0.447110426633904,55.2889573366096,0.0238253536373541,0.0384697306419849
826.633165829146,0.227978171730067,0.367839173136694,0.0109189173918874,0.0189883488677476,7593.94905357316,3400.2639768879,7.59394905357316,3.4002639768879,0.447759650861496,55.2240349138504,0.0239472869464356,0.0386385686067955
839.195979899498,0.229127274670154,0.369429161645171,0.0110292663860866,0.0191528583039825,7632.22565311827,3422.29001314567,7.63222565311827,3.42229001314567,0.448400003968363,55.1599996031637,0.0240679910367809,0.0388055842064256
851.758793969849,0.230264965987634,0.371002244060383,0.0111390660843039,0.0193163168210146,7670.12213170686,3444.12826599881,7.67012213170686,3.44412826599881,0.449031737286349,55.0968262713651,0.0241874964272725,0.0389708239559226
864.321608040201,0.231391524849829,0.372558845570636,0.0112483272630944,0.0194787464863796,7707.64778839775,3465.78307114274,7.70764778839775,3.46578307114273,0.44965509144823,55.034490855177,0.0243058324422089,0.0391343325179239
876.884422110553,0.232507219654858,0.37409937467647,0.0113570603343766,0.0196401685911495,7744.81156352776,3487.2586028498,7.74481156352776,3.4872586028498,0.450270296991107,54.9729703008893,0.02442302727467,0.0392961528021502
889.447236180904,0.233612308594727,0.375624224074183,0.0114652753628063,0.0198006036879546,7781.62205746825,3508.55888219709,7.78162205746825,3.50855888219709,0.450877574917664,54.9122425082336,0.0245391080456646,0.0394563260582125
902.010050251256,0.234707040181472,0.377133771480818,0.0115729820820898,0.019960071626635,7818.08754815093,3529.68778476502,7.81808754815093,3.52968778476502,0.451477137218786,54.8522862781214,0.0246541008593984,0.0396148919622708
914.572864321608,0.23579165373926,0.378628380405247,0.0116801899103141,0.0201185915876993,7854.21600745976,3550.64904784762,7.85421600745976,3.55064904784762,0.452069187360686,54.7930812639314,0.0247680308549643,0.0397718886980302
927.13567839196,0.236866379865082,0.380108400869563,0.0117869079643675,0.0202761821137536,7890.01511657668,3571.44627721165,7.89001511657668,3.57144627721165,0.45265392073941,54.734607926059,0.0248809222547355,0.0399273530325171
939.698492462312,0.23793144086045,0.381574170084606,0.0118931450735147,0.0204328611390506,7925.49228036123,3592.0829534386,7.92549228036123,3.5920829534386,0.453231525105324,54.6768474894676,0.0249927984097111,0.0400813203870385
952.261306532663,0.238987051136267,0.38302601308312,0.0119989097921867,0.0205886460172937,7960.65464083701,3612.56243788048,7.96065464083701,3.61256243788048,0.453802180959912,54.6197819040088,0.0251036818420448,0.040233824903689
964.824120603015,0.240033417592885,0.384464243313704,0.012104210412042,0.020743553547821,7995.50908985125,3632.88797825771,7.99550908985125,3.63288797825771,0.454366061927058,54.5633938072942,0.0252135942849669,0.040384899507742
977.386934673367,0.241070739977163,0.385889163198482,0.0122090549733481,0.0208976000002842,8030.06228096846,3653.06271392489,8.03006228096847,3.65306271392489,0.454923335100748,54.5076664899252,0.0253225567202903,0.0405345759662271
989.949748743719,0.2420992112182,0.387301064657126,0.01231345127573,0.0210508011379262,8064.32064065364,3673.08968082833,8.06432064065364,3.67308968082833,0.455474161370971,54.4525838629029,0.0254305894136765,0.0406828849429754
1002.51256281407,0.24311901774326,0.38870022959967,0.0124174068883294,0.0212031722395542,8098.29037879585,3692.97181617685,8.09829037879585,3.69297181617685,0.456018695729452,54.3981304270548,0.0255377119478215,0.0408298560503855
1015.07537688442,0.244130339775307,0.390086930390339,0.0125209291594132,0.0213547281202962,8131.97749861893,3712.71196284602,8.13197749861894,3.71271196284602,0.456557087556692,54.3442912443308,0.0256439432537087,0.0409755178981448
1027.63819095477,0.245133351613414,0.391461430284438,0.0126240252254676,0.0215054831512237,8165.38780602212,3732.31287353392,8.16538780602212,3.73231287353392,0.457089480891682,54.2910519108318,0.0257493016400645,0.0411198981391216
1040.20100502513,0.246128221897248,0.392823983840163,0.0127267020198111,0.0216554512779139,8198.52691838983,3751.77721468554,8.19852691838983,3.75177721468554,0.457616014685523,54.2383985314477,0.0258538048211395,0.0412630235126221
1052.76381909548,0.247115113856698,0.39417483730707,0.0128289662807582,0.0218046460380222,8231.40027290693,3771.10757020111,8.23140027290694,3.77110757020111,0.458136823040114,54.1863176959886,0.0259574699429305,0.0414049198851965
1065.32663316583,0.248094185547662,0.395514228992784,0.0129308245593609,0.0219530805779284,8264.01313441274,3790.30644494286,8.26401313441274,3.79030644494286,0.458652035432929,54.1347964567071,0.0260603136079477,0.041545612289158
1077.88944723618,0.249065590074906,0.396842389609397,0.0130322832267565,0.0221007676685158,8296.37060282438,3809.37626805328,8.29637060282438,3.80937626805328,0.45916177692887,54.083822307113,0.0261623518986246,0.0416851249589702
1090.45226130653,0.250029475802844,0.398159542600922,0.0131333484811439,0.0222477197201372,8328.47762015801,3828.31939609715,8.32847762015801,3.82831939609715,0.459666168380065,54.0333831619935,0.0262636003994584,0.0418234813656431
1103.01507537688,0.250985986555034,0.399465904453033,0.0132340263544125,0.0223939487968204,8360.33897717392,3847.13811603863,8.36033897717392,3.84713811603863,0.460165326614435,53.9834673385565,0.0263640742179658,0.0419607042492681
1115.57788944724,0.251935261803106,0.400761684986229,0.0133343227184453,0.0225394666297583,8391.95931966975,3865.83464806375,8.39195931966975,3.86583464806375,0.46065936461378,53.934063538622,0.0264637880045279,0.0420968156498139
1128.14070351759,0.252877436845799,0.402047087633514,0.0134342432911136,0.0226842846301273,8423.34315444419,3884.41114825814,8.42334315444419,3.88441114825814,0.461148391682074,53.8851608317926,0.0265627559711973,0.0422318369362935
1140.70351758794,0.253812642978726,0.403322309703546,0.0135337936419845,0.0228284139012763,8454.49485495192,3902.86971114875,8.45449485495192,3.90286971114875,0.461632513604615,53.8367486395384,0.02666099190953,0.0423657888344061
1153.26633165829,0.254741007655448,0.404587542630174,0.0136329791977548,0.0229718652503217,8485.41866666891,3921.21237211801,8.48541866666891,3.92121237211801,0.462111832798622,53.7888167201378,0.026758509207505,0.0424986914527493
1165.82914572864,0.255662654640386,0.40584297220922,0.0137318052474305,0.0231146491991846,8516.11871218595,3939.4411096982,8.51611871218595,3.9394411096982,0.462586448455814,53.7413551544186,0.0268553208655868,0.0426305643076912
1178.391959799,0.256577704154074,0.407088778823272,0.0138302769472637,0.0232567759951027,8546.59899604693,3957.55784775297,8.54659899604693,3.95755784775297,0.4630564566775,53.69435433225,0.0269514395119825,0.0427614263469824
1190.95477386935,0.257486273011203,0.408325137655219,0.0139283993254622,0.0233982556206465,8576.86340934731,3975.56445755302,8.57686340934731,3.97556445755302,0.463521950602634,53.6478049397366,0.0270468774171432,0.0428912959721869
1203.5175879397,0.258388474751905,0.409552218891212,0.014026177286684,0.0235390978032697,8606.91573410691,3993.46275975182,8.60691573410691,3.99346275975182,0.463983020529269,53.6016979470731,0.027141646507553,0.0430201910600013
1216.08040201005,0.259284419766649,0.410770187913674,0.0141236156163294,0.0236793120244179,8636.75964743045,4011.25452626741,8.63675964743045,4.01125452626741,0.464439754029835,53.5560245970164,0.0272357583788497,0.0431481289825288
1228.6432160804,0.260174215415151,0.411979205484942,0.0142207189846406,0.0238189075282223,8666.39872546821,4028.94148207552,8.66639872546821,4.02894148207552,0.464892236060585,53.5107763939415,0.0273292243083142,0.0432751266265696
1241.20603015075,0.261057966139616,0.413179427922088,0.0143174919506204,0.0239578933298002,8695.83644718831,4046.52530691917,8.69583644718831,4.04652530691917,0.465340549065589,53.4659450934411,0.0274220552667664,0.0434012004119841
1253.76884422111,0.261935773572658,0.414371007263434,0.0144139389657788,0.0240962782231849,8725.0761979714,4064.00763693931,8.7250761979714,4.06400763693931,0.465784773075587,53.4215226924413,0.0275142619299011,0.0435263663091843
1266.33165829146,0.262807736640185,0.415554091427222,0.0145100643777178,0.0242340707889033,8754.12127303778,4081.39006623099,8.75412127303778,4.08139006623099,0.466224985801996,53.3775014198004,0.0276058546890951,0.0436506398558007
1278.89447236181,0.263673951659538,0.416728824362896,0.0146058724335622,0.0243712794012228,8782.97488071647,4098.6741483292,8.78297488071647,4.0986741483292,0.466661262726377,53.3338737273623,0.0276968436617162,0.0437740361725731
1291.45728643216,0.264534512433144,0.417895346195396,0.014701367283244,0.0245079122350822,8811.64014556477,4115.86139762804,8.81164014556477,4.11586139762804,0.467093677185593,53.2906322814407,0.0277872387009606,0.043896569978508
1304.02010050251,0.265389510337937,0.419053793362865,0.0147965529826492,0.0246439772727256,8840.12011134673,4132.95329073711,8.84012011134672,4.13295329073711,0.467522300452938,53.2477699547062,0.0278770494052455,0.0440182556053429
1316.58291457286,0.26623903441076,0.420204298748115,0.0148914334966332,0.0247794823100536,8868.41774387815,4149.95126777814,8.86841774387815,4.14995126777814,0.467947201815435,53.2052798184565,0.0279662851271807,0.0441391070113566
1329.14572864322,0.267083171429989,0.421346991804209,0.0149860127019119,0.0249144349627064,8896.53593374524,4166.85673362535,8.89653593374524,4.16685673362535,0.46836844864754,53.163155135246,0.0280549549821417,0.0442591377945598
1341.70854271357,0.267922005993557,0.422481998674456,0.0150802943898343,0.0250488426718932,8924.47749890374,4183.67105909226,8.92447749890374,4.18367105909226,0.468786106481436,53.1213893518564,0.028143067856466,0.0443783612053
1354.27135678392,0.268755620593587,0.423609442307133,0.0151742822690428,0.0251827127099802,8952.24518716486,4200.3955820679,8.95224518716486,4.2003955820679,0.469200239074121,53.0799760925879,0.0282306324152927,0.0444967901583123
1366.83417085427,0.269584095687798,0.424729442565206,0.0152679799680268,0.0253160521858493,8979.84167857389,4217.03160860487,8.97984167857389,4.21703160860487,0.469610908471449,53.0389091528551,0.0283176571100628,0.0446144372442443
1379.39698492462,0.270407509767862,0.42584211633131,0.0153613910375749,0.0254488680500397,9007.26958768708,4233.58041396187,9.00726958768708,4.23358041396187,0.470018175069298,52.9981824930702,0.0284041501856998,0.0447313147406838
1391.95979899497,0.271225939424863,0.42694757760824,0.0154545189531301,0.0255811670996818,9034.53146575212,4250.04324360289,9.03453146575212,4.25004324360289,0.47042209767201,52.957790232799,0.0284901196874856,0.0448474346227143
1404.52261306533,0.272039459412001,0.428045937615176,0.0155473671170534,0.0257129559832347,9061.6298027969,4266.42131415533,9.0616298027969,4.26642131415533,0.470822733548272,52.9177266451728,0.0285755734676472,0.0449628085730227
1417.08542713568,0.272848142704701,0.429137304879864,0.0156399388607994,0.0258442412050366,9088.56702963153,4282.71581432892,9.08856702963153,4.28271581432892,0.471220138484531,52.8779861515469,0.0286605191916703,0.0450774479915824
1429.64824120603,0.273652060558225,0.430221785326961,0.0157322374470089,0.0259750291296764,9115.34551976762,4298.92790579763,9.11534551976762,4.29892790579763,0.471614366836116,52.8385633163884,0.0287449643443514,0.0451913640049329
1442.21105527638,0.27445128256294,0.431299482362727,0.0158242660715216,0.0261053259861959,9141.96759125913,4315.05872404615,9.14196759125913,4.31505872404615,0.472005471576151,52.7994528423849,0.028828916235603,0.0453045674750763
1454.77386934673,0.275245876697343,0.432370496956249,0.0159160278653129,0.02623513787213,9168.43550846864,4331.10937918273,9.16843550846864,4.33110937918273,0.472393504342393,52.7606495657607,0.0289123820060235,0.0454170690080094
1467.33668341709,0.276035909378954,0.433434927717377,0.0160075258963584,0.0263644707573927,9194.75148376259,4347.08095672009,9.19475148376259,4.34708095672009,0.472778515482097,52.7221484517903,0.0289953686322431,0.0455288789619094
1479.89949748744,0.276821445513179,0.434492870971512,0.0160987631714298,0.0264933304880162,9220.91767913899,4362.97451832572,9.22091767913899,4.36297451832572,0.473160554094993,52.6839445905007,0.0290778829320566,0.0456400074549907
1492.46231155779,0.277602548540248,0.435544420831416,0.0161897426378237,0.0266217227897495,9246.93620779085,4378.79110254323,9.24693620779085,4.37879110254323,0.473539668074486,52.6460331925514,0.0291599315693538,0.0457504643730479
1505.02512562814,0.278379280480313,0.436589669266188,0.0162804671850287,0.0267496532715233,9272.80913560834,4394.53172548596,9.27280913560834,4.39453172548596,0.47391590414717,52.608409585283,0.0292415210588564,0.0458602593767004
1517.58793969849,0.279151701976789,0.437628706167516,0.0163709396463315,0.0268771274287867,9298.5384826226,4410.19738150419,9.2985384826226,4.41019738150419,0.474289307910711,52.5710692089289,0.0293226577706711,0.0459694019083525
1530.15075376884,0.27991987233803,0.438661619413372,0.0164611628003653,0.0270041506467223,9324.12622439394,4425.78904382712,9.32412622439394,4.42578904382712,0.474659923870217,52.5340076129783,0.029403347934667,0.0460779011988836
1542.7135678392,0.280683849577413,0.439688494929232,0.0165511393726042,0.0271307282033441,9349.57429334695,4441.3076651809,9.34957429334695,4.4413076651809,0.475027795473135,52.4972204526865,0.0294835976446863,0.046185766274079
1555.27638190955,0.281443690451902,0.440709416746962,0.0166408720368038,0.0272568652724843,9374.8845800551,4456.75417838357,9.3748845800551,4.45675417838357,0.475392965142764,52.4607034857236,0.0295634128625947,0.0462930059608153
1567.8391959799,0.282199450499156,0.441724467061464,0.0167303634163919,0.0273825669266733,9400.05893447693,4472.12949691824,9.40005893447693,4.47212949691824,0.475755474310449,52.4244525689551,0.0296427994221802,0.0463996288930109
1580.40201005025,0.282951184073264,0.442733726285194,0.0168196160858114,0.0275078381399175,9425.09916714621,4487.43451548516,9.42509916714621,4.48743451548516,0.476115363446504,52.3884636553496,0.0297217630329059,0.0465056435173523
1592.9648241206,0.28369894437915,0.443737273100631,0.016908632571816,0.0276326837903797,9450.00705031805,4502.67011053385,9.45000705031805,4.50267011053385,0.476472672089944,52.3527327910056,0.0298003092835242,0.0466110580988058
1605.52763819095,0.284442783505718,0.444735184510817,0.0169974153547228,0.027757108662966,9474.78431907296,4517.83714077613,9.47478431907296,4.51783714077613,0.476827438877065,52.3172561122935,0.0298784436455586,0.0467158807259261
1618.09045226131,0.285182752457786,0.445727535888021,0.0170859668696216,0.0278811174518234,9499.43267238061,4532.93644768074,9.49943267238061,4.53293644768074,0.477179701568932,52.2820298431068,0.0299561714766582,0.0468201193159686
1630.65326633166,0.285918901186875,0.446714401020641,0.0171742895075441,0.0280047147627511,9523.95377412527,4547.9688559505,9.52395377412527,4.5479688559505,0.477529497077825,52.2470502922175,0.0300334980238314,0.0469237816198153
1643.21608040201,0.286651278620883,0.4476958521584,0.0172623856165939,0.0281279051155303,9548.3492540944,4562.93517398267,9.5483492540944,4.56293517398267,0.477876861492687,52.2123138507313,0.0301104284265633,0.0470268752267227
1655.77889447236,0.287379932692707,0.448671960055916,0.0173502575030388,0.028250692946175,9572.62070893203,4577.83619431329,9.57262070893203,4.57783619431329,0.478221830103621,52.1778169896379,0.0301869677198222,0.0471294075688988
1668.34170854271,0.28810491036786,0.449642794014724,0.0174379074323682,0.0283730826091072,9596.76970305859,4592.67269404614,9.59676970305859,4.59267269404614,0.478564437425482,52.1435562574518,0.0302631208369601,0.0472313859259164
1680.90452261307,0.288826257671111,0.450608421923803,0.0175253376303149,0.0284950783792599,9620.79776955833,4607.44543526689,9.62079776955833,4.60744543526688,0.478904717220597,52.1095282779403,0.0303388926125117,0.0473328174289709
1693.46733668342,0.289544019712202,0.451568910298687,0.0176125502838445,0.0286166844541104,9644.70641103602,4622.15516544319,9.64470641103602,4.62215516544318,0.479242702520655,52.0757297479345,0.0304142877848952,0.0474337090649881
1706.03015075377,0.290258240710677,0.452524324319205,0.0176995475421129,0.0287379049556471,9668.49710044393,4636.80261781125,9.66849710044393,4.63680261781125,0.479578425647803,52.0421574352197,0.0304893109990207,0.0475340676805888
1718.59296482412,0.290968964019863,0.453474727865918,0.0177863315173933,0.0288587439322719,9692.17128188061,4651.38851174936,9.69217128188061,4.65138851174936,0.479911918234985,52.0088081765015,0.0305639668088091,0.0476338999859158
1731.15577889447,0.291676232150024,0.454420183555301,0.0178729042859737,0.028979205360642,9715.73037136231,4665.91355313898,9.71573037136231,4.66591355313898,0.480243211245553,51.9756788754447,0.0306382596796244,0.04773321255833
1743.71859296482,0.29238008679075,0.455360752773727,0.0179592678890265,0.0290992931474512,9739.17575756848,4680.3784347139,9.73917575756848,4.6803784347139,0.480572334992178,51.9427665007822,0.0307121939906249,0.0478320118459798
1756.28140703518,0.293080568832575,0.4562964957103,0.0180454243334508,0.0292190111311558,9762.50880256222,4694.78383639786,9.76250880256222,4.69478383639786,0.480899319155101,51.9100680844899,0.0307857740370352,0.04793030417125
1768.84422110553,0.293777718387895,0.457227471388578,0.0181313755926886,0.0293383630836453,9785.73084248669,4709.13042563124,9.78573084248669,4.70913042563124,0.481224192799746,51.8775807200254,0.030859004032342,0.0480280957340943
1781.40703517588,0.294471574811178,0.458153737697248,0.0182171236075159,0.0294573527118605,9808.84318823856,4723.41885768707,9.80884318823856,4.72341885768707,0.481546984393711,51.8453015606289,0.0309318881104179,0.0481253926152571
1793.96984924623,0.29516217671852,0.45907535141977,0.0183026702868098,0.0295759836593615,9831.84712611934,4737.64977597696,9.83184712611934,4.73764977597696,0.481867721823186,51.8132278176814,0.0310044303275756,0.0482222007793876
1806.53266331658,0.295849562006557,0.459992368263056,0.0183880175082924,0.029694259507847,9854.74391846538,4751.82381234716,9.85474391846538,4.75182381234716,0.482186432408803,51.7813567591197,0.0310766346645544,0.0483185260780521
1819.09547738693,0.296533767870776,0.460904842885205,0.0184731671192519,0.0298121837786266,9877.53480425764,4765.94158736532,9.87753480425764,4.76594158736532,0.482503142920944,51.7496857079056,0.0311485050284428,0.0484143742526476
1831.65829145729,0.297214830823218,0.461812828922337,0.0185581209372425,0.029929759934049,9900.22099971169,4780.00371059813,9.90022099971169,4.78000371059813,0.482817879594539,51.718212040546,0.0312200452545397,0.0485097509372203
1844.22110552764,0.297892786709639,0.462716379014568,0.0186428807507635,0.0300469913788857,9922.80369884897,4794.01078088034,9.92280369884897,4.79401078088034,0.483130668143363,51.6869331856637,0.0312912591081553,0.0486046616611941
1856.78391959799,0.298567670726104,0.463615544831145,0.0187274483199183,0.0301638814616739,9945.28407404986,4807.96338657536,9.94528407404986,4.80796338657536,0.483441533773855,51.6558466226145,0.0313621502863554,0.048699111852011
1869.34673366834,0.299239517435076,0.464510377094784,0.018811825377054,0.0302804334760191,9967.66327658942,4821.86210582788,9.96766327658942,4.82186210582788,0.483750501198487,51.6249498801513,0.0314327224196508,0.0487931068376874
1881.90954773869,0.299908360780992,0.465400925605244,0.0188960136273827,0.0303966506618585,9989.94243715625,4835.70750680867,9.98994243715625,4.83570750680867,0.484057594648684,51.5942405351316,0.0315029790736336,0.0488866518492904
1894.47236180905,0.300574234105356,0.46628723926215,0.0189800147495843,0.0305125362066875,10012.1226663553,4849.50014795196,10.0121226663553,4.84950014795196,0.484362837887333,51.5637162112667,0.0315729237505626,0.0489797520233351
1907.0351758794,0.301237170161371,0.467169366087115,0.019063830396393,0.0306280932467507,10034.2050551952,4863.24057818564,10.0342050551952,4.86324057818564,0.484666254220876,51.5333745779124,0.0316425598909003,0.0490724124041087
1919.59798994975,0.301897201128112,0.46804735324517,0.0191474621951655,0.030743324868197,10056.1906755604,4876.92933715455,10.0561906755604,4.87692933715455,0.484967866511019,51.5032133488982,0.0317118908748017,0.0491646379459212
1932.1608040201,0.302554358624281,0.468921247065537,0.0192309117484349,0.0308582341082022,10078.0805806694,4890.56695543704,10.0780805806694,4.89056695543704,0.485267697186066,51.4732302813934,0.0317809200235589,0.0492564335152875
1944.72361809045,0.303208673721532,0.469791093061768,0.0193141806344476,0.0309728239560593,10099.8758055183,4904.15395475521,10.0998758055183,4.90415395475521,0.485565768251893,51.4434231748107,0.0318496506010013,0.0493478038930429
1957.2864321608,0.303860176957403,0.470656935951267,0.0193972704076858,0.0310870973542371,10121.5773673121,4917.69084817882,10.1215773673121,4.91769084817882,0.485862101302571,51.4137898697429,0.0319180858148533,0.0494387537763935
1969.84924623116,0.304508898347862,0.471518819674227,0.0194801825993757,0.0312010571994095,10143.1862658822,4931.17814032336,10.1431862658822,4.93117814032336,0.48615671753066,51.384328246934,0.0319862288180527,0.0495292877809062
1982.41206030151,0.305154867399472,0.472376787412001,0.019562918717981,0.0313147063434548,10164.7034840917,4944.61632754227,10.1647034840917,4.94461632754227,0.486449637737181,51.3550362262819,0.0320540827100286,0.0496194104424371
1994.97487437186,0.305798113121211,0.473230881604918,0.0196454802496834,0.0314280475944281,10186.1299882291,4958.00589811359,10.1861299882291,4.95800589811359,0.486740882341278,51.3259117658722,0.0321216505379423,0.049709126219004
2007.53768844221,0.30643866403593,0.474081143969579,0.0197278686588499,0.0315410837175057,10207.4667283902,4971.34733242134,10.2074667283902,4.97134733242134,0.487030471389582,51.2969528610418,0.0321889352978918,0.0497984394926029
2020.10050251256,0.307076548191489,0.474927615515639,0.0198100853884873,0.0316538174359041,10228.7146388486,4984.6411031316,10.2287146388486,4.9846411031316,0.487318424565289,51.2681575434711,0.0322559399360807,0.0498873545709705
2032.66331658291,0.307711793171562,0.475770336562098,0.0198921318606845,0.0317662514317729,10249.8746384161,4997.8876753637,10.2498746384161,4.9978876753637,0.487604761196964,51.2395238803036,0.032322667349954,0.0499758756892961
2045.22613065327,0.30834442610614,0.476609346753126,0.0199740094770431,0.0318783883470641,10270.9476307923,5011.08750685652,10.2709476307923,5.01108750685652,0.487889500267073,51.2110499732928,0.0323891203893005,0.050064007011883
2057.78894472362,0.308974473681724,0.477444685073417,0.0200557196190964,0.0319902307843774,10291.934504904,5024.2410481301,10.291934504904,5.0242410481301,0.488172660420266,51.1827339579734,0.032455301857324,0.0501517526337623
2070.35175879397,0.309601962151234,0.478276389863115,0.0201372636487173,0.0321017813077828,10312.8361352355,5037.34874264284,10.3128361352355,5.03734874264284,0.488454259971406,51.1545740028594,0.0325212145116843,0.05023911658226
2082.91457286432,0.310226917343637,0.479104498832308,0.0202186429085159,0.0322130424436208,10333.6533821493,5050.41102694428,10.3336533821493,5.05041102694428,0.488734316913368,51.1265683086632,0.0325868610655081,0.0503261028185198
2095.47738693467,0.310849364673302,0.479929049075112,0.020299858722226,0.0323240166812815,10354.3870921977,5063.42833082365,10.3543870921977,5.06342833082365,0.489012848924594,51.0987151075406,0.0326522441883721,0.0504127152389824
2108.04020100503,0.3114693291491,0.480750077083355,0.0203809123950821,0.0324347064739636,10375.0380984257,5076.40107745447,10.3750380984257,5.07640107745447,0.489289873376442,51.0710126623558,0.0327173665072584,0.050498957676823
2120.60301507538,0.312086835383244,0.481567618759883,0.0204618052141866,0.0325451142394121,10395.6072206656,5089.32968353506,10.3956072206656,5.08932968353506,0.489565407340312,51.0434592659688,0.0327822306074836,0.050584833903349
2133.16582914573,0.312701907599889,0.482381709431488,0.0205425384488675,0.0326552423606379,10416.0952658237,5102.21455942537,10.4160952658237,5.10221455942537,0.489839467594565,51.0160532405435,0.0328468390336017,0.050670347629358
2145.72864321608,0.313314569643494,0.483192383861488,0.0206231133510269,0.032765093186618,10436.5030281586,5115.05610928009,10.4365030281586,5.11505610928009,0.490112070631248,50.9887929368752,0.032911194290283,0.0507555025064588
2158.29145728643,0.313924844986963,0.483999676261948,0.0207035311554808,0.0328746690329778,10456.8312895521,5127.8547311782,10.4568312895521,5.1278547311782,0.490383232662621,50.9616767337379,0.0329752988431683,0.0508403021283559
2170.85427135678,0.314532756739551,0.484803620305576,0.0207837930802903,0.0329839721826557,10477.0808197733,5140.61081724911,10.4770808197733,5.14061081724911,0.4906529696275,50.93470303725,0.0330391551197008,0.0509247500320984
2183.41708542714,0.315138327654576,0.485604249137293,0.0208639003270846,0.033093004886551,10497.2523767348,5153.32475379537,10.4972523767348,5.15332475379537,0.490921297197423,50.9078702802577,0.0331027655099344,0.0510088496992955
2195.97989949749,0.315741580136902,0.486401595385485,0.0209438540813756,0.0332017693641548,10517.3467067422,5165.99692141232,10.5173467067422,5.16599692141232,0.49118823078264,50.881176921736,0.0331661323673217,0.0510926045572988
2208.54271356784,0.316342536250247,0.487195691172958,0.0210236555128653,0.0333102678041652,10537.3645447376,5178.62769510447,10.5373645447376,5.17862769510447,0.491453785537932,50.8546214462068,0.0332292580094798,0.0511760179803527
2221.10552763819,0.316941217724276,0.487986568127598,0.0211033057757451,0.0334185023650875,10557.3066145357,5191.21744439889,10.5573066145357,5.19121744439889,0.491717976368275,50.8282023631725,0.0332921447189365,0.0512590932907141
2233.66834170854,0.317537645961517,0.488774257392747,0.0211828060089878,0.0335264751758182,10577.1736290545,5203.76653345578,10.5771736290545,5.20376653345578,0.491980817934343,50.8019182065657,0.0333547947438568,0.0513418337597423
2246.23115577889,0.318131842044101,0.489558789637303,0.0212621573366329,0.033634188336216,10596.9662905392,5216.27532117602,10.5969662905392,5.21627532117602,0.49224232465786,50.775767534214,0.0334172102987501,0.0514242426089604
2258.79396984925,0.318723826740312,0.490340195065556,0.0213413608680648,0.0337416439176571,10616.6852907813,5228.74416130615,10.6166852907813,5.22874416130615,0.492502510726807,50.7497489273193,0.0334793935651589,0.0515063230110879
2271.3567839196,0.319313620510983,0.491118503426769,0.0214204176982841,0.0338488439635784,10636.3313113305,5241.17340254054,10.6363313113305,5.24117340254054,0.492761390100483,50.7238609899517,0.0335413466923302,0.0515880780910472
2283.91959798995,0.319901243515715,0.491893744024504,0.0214993289081724,0.0339557904900058,10655.905023703,5253.56338862109,10.655905023703,5.25356338862109,0.493018976514437,50.6981023485563,0.0336030717978692,0.0516695109269437
2296.4824120603,0.320486715618941,0.492665945725709,0.0215780955647513,0.0340624854860713,10675.4070895826,5265.91445843438,10.6754070895826,5.26591445843439,0.493275283485259,50.6724716514741,0.0336645709683762,0.0517506245510199
2309.04522613065,0.321070056395841,0.493435136969576,0.0216567187214345,0.0341689309145159,10694.8381610182,5278.22694610637,10.6948381610182,5.27822694610637,0.493530324315246,50.6469675684754,0.0337258462600673,0.0518314219505858
2321.608040201,0.321651285138096,0.494201345776164,0.0217351994182749,0.0342751287121822,10714.1988806154,5290.50118109479,10.7141988806154,5.29050118109479,0.493784112096947,50.6215887903053,0.0337868996993798,0.0519119060689248
2334.17085427136,0.322230420859507,0.494964599754806,0.0218135386822048,0.0343810807904935,10733.4898817237,5302.73748827923,10.7334898817237,5.30273748827923,0.494036659717583,50.5963340282417,0.0338477332835616,0.0519920798061771
2346.73366834171,0.322807482301467,0.49572492611231,0.0218917375272714,0.0344867890359227,10752.7117886184,5314.93618804904,10.7527117886184,5.31493618804904,0.494287979863351,50.5712020136649,0.0339083489812466,0.0520719460202006
2359.29648241206,0.323382487938301,0.496482351660937,0.0219697969548667,0.0345922553104492,10771.8652166791,5327.09759638901,10.7718652166791,5.32709759638901,0.49453808502362,50.546191497638,0.0339687487330148,0.0521515075274094
2371.85929648241,0.323955455982468,0.497236902826199,0.0220477179539514,0.0346974814520064,10790.9507725624,5339.22202496308,10.7909507725624,5.33922202496308,0.494786987495009,50.5213012504991,0.0340289344519399,0.0522307671035923
2384.42211055276,0.324526404389639,0.497988605654445,0.0221255015012747,0.0348024692749166,10809.9690543714,5351.30978119591,10.8099690543714,5.35130978119591,0.495034699385369,50.4965300614631,0.0340889080241217,0.0523097274847106
2396.98492462312,0.325095350863651,0.498737485820273,0.0222031485615883,0.0349072205703181,10828.9206518207,5363.36116835258,10.8289206518207,5.36336116835258,0.495281232617657,50.4718767382343,0.034148671309207,0.0523883913676757
2409.54773869347,0.325662312861335,0.499483568633747,0.0222806600878558,0.0350117371065806,10847.806146397,5375.37648561631,10.847806146397,5.37537648561631,0.495526598933709,50.4473401066291,0.0342082261408965,0.0524667614111079
2422.11055276382,0.326227307597232,0.500226879047448,0.0223580370214578,0.0351160206297118,10866.6261115164,5387.35602816442,10.8666261115164,5.38735602816443,0.495770809897923,50.4229190102077,0.0342675743274404,0.0525448402360765
2434.67336683417,0.326790352048195,0.500967441663345,0.0224352802923914,0.0352200728637551,10885.3811126775,5399.30008724237,10.8853811126775,5.39930008724237,0.49601387690084,50.398612309916,0.0343267176521213,0.0526226304268219
2447.23618090452,0.327351462957871,0.501705280739501,0.0225123908194661,0.0353238955111767,10904.071707611,5411.20895023617,10.904071707611,5.41120895023617,0.496255811162645,50.3744188837355,0.034385657873726,0.0527001345314602
2459.79899497487,0.327910656841093,0.502440420196623,0.0225893695104952,0.0354274902532459,10922.6984464257,5423.08290074301,10.9226984464257,5.42308290074301,0.496496623736568,50.3503376263432,0.0344443967270056,0.0527773550626705
2472.36180904523,0.32846794998815,0.503172883624443,0.0226662172624827,0.0355308587504052,10941.2618717508,5434.92221864033,10.9412618717508,5.43492221864033,0.496736325512212,50.3263674487788,0.034502935923125,0.0528542944983659
2484.92462311558,0.329023358468966,0.503902694287958,0.0227429349618062,0.035634002642633,10959.7625188751,5446.72718015318,10.9597625188751,5.44672718015318,0.496974927218788,50.3025072781212,0.0345612771501015,0.0529309552823485
2497.48743718593,0.329576898137181,0.504629875133513,0.0228195234843961,0.0357369235497978,10978.2009158833,5458.49805792011,10.9782009158833,5.45849805792011,0.497212439428279,50.2787560571721,0.0346194220732333,0.0530073398249489
2510.05025125628,0.330128584634128,0.505354448794748,0.0228959836959102,0.0358396230720044,10996.5775837878,5470.23512105751,10.9965775837878,5.47023512105751,0.497448872558517,50.2551127441483,0.0346773723355176,0.05308345050365
2522.61306532663,0.330678433392727,0.506076437598395,0.0229723164519051,0.0359421027899331,11014.893036659,5481.93863522251,11.014893036659,5.48193863522251,0.497684236876192,50.2315763123808,0.0347351295580596,0.0531592896636969
2535.17587939698,0.331226459641284,0.506795863569948,0.0230485225980041,0.0360443642651703,11033.1477817514,5493.60886267439,11.0331477817514,5.49360886267439,0.497918542499786,50.2081457500214,0.034792695340471,0.053234859618692
2547.73869346734,0.331772678407201,0.507512748439199,0.0231246029700605,0.0361464090405334,11051.3423196275,5505.24606233468,11.0513423196275,5.50524606233468,0.498151799402431,50.184820059757,0.0348500712612606,0.0533101626511763
2560.30150753769,0.332317104520602,0.508227113645638,0.0232005583943187,0.0362482386403868,11069.4771442786,5516.85048984582,11.0694771442786,5.51685048984582,0.498384017414703,50.1615982585297,0.0349072588782145,0.0533852010131973
2572.86432160804,0.332859752617881,0.508938980343743,0.0232763896875708,0.0363498545709526,11087.5527432427,5528.4223976286,11.0875527432427,5.5284223976286,0.498615206227352,50.1384793772648,0.034964259728769,0.0534599769268637
2585.42713567839,0.333400637145159,0.50964836940813,0.0233520976573105,0.036451258320614,11105.5695977198,5539.96203493823,11.1055695977198,5.53996203493823,0.498845375393957,50.1154624606043,0.0350210753303738,0.0535344925848876
2597.98994974874,0.333939772361672,0.510355301438602,0.0234276831018835,0.0365524513602116,11123.5281826848,5551.46964791924,11.1235281826848,5.55146964791924,0.499074534333523,50.0925465666477,0.0350777071808479,0.0536087501511137
2610.5527638191,0.334477172343079,0.511059796765076,0.0235031468106349,0.0366534351433343,11141.4289669978,5562.94547965911,11.1414289669978,5.56294547965911,0.499302692333023,50.0697307666977,0.0351341567587268,0.0536827517610373
2623.11557788945,0.335012850984697,0.511761875452391,0.0235784895640535,0.0367542111066038,11159.2724135113,5574.38977024075,11.1592724135113,5.57438977024075,0.499529858549867,50.0470141450133,0.0351904255236026,0.05375649952231
2635.6783919598,0.335546822004659,0.512461557305026,0.023653712133913,0.0368547806699522,11177.0589791764,5585.80275679386,11.1770589791764,5.58580275679386,0.499756042014325,50.0243957985675,0.0352465149164557,0.0538299955152338
2648.24120603015,0.336079098947009,0.513158861871691,0.0237288152834104,0.0369551452368953,11194.7891151448,5597.18467354509,11.1947891151448,5.59718467354509,0.499981251631884,50.0018748368116,0.03530242635998,0.0539032417932449
2660.8040201005,0.336609695184728,0.513853808449835,0.0238037997673016,0.0370553061947986,11212.4632668703,5608.5357518672,11.2124632668703,5.6085357518672,0.50020549618556,49.979450381444,0.0353581612589,0.0539762403833861
2673.36683417085,0.337138623922683,0.514546416090038,0.0238786663320337,0.0371552649151387,11230.0818742068,5619.85622032714,11.2300818742068,5.61985622032714,0.500428784338147,49.9571215661853,0.0354137210002818,0.0540489932867687
2685.92964824121,0.337665898200527,0.515236703600313,0.0239534157158758,0.0372550227537592,11247.6453715048,5631.14630473304,11.2476453715048,5.63114630473304,0.500651124634421,49.9348875365579,0.0354691069538369,0.0541215024790245
2698.49246231156,0.338191530895523,0.515924689550317,0.0240280486490457,0.0373545810511206,11265.154187706,5642.40622818026,11.265154187706,5.64240622818026,0.50087252550329,49.912747449671,0.0355243204722188,0.0541937699107476
2711.05527638191,0.338715534725315,0.516610392275463,0.0241025658538353,0.0374539411325463,11282.6087464346,5653.63621109645,11.2826087464346,5.65363621109645,0.501092995259897,49.8907004740103,0.0355793628913146,0.0542657975079268
2723.61809045226,0.339237922250633,0.517293829880943,0.0241769680447325,0.037553104308462,11300.0094660886,5664.83647128564,11.3000094660886,5.66483647128564,0.501312542107674,49.8687457892326,0.0356342355305287,0.0543375871723679
2736.18090452261,0.339758705877946,0.517975020245668,0.0242512559285413,0.0376520718746317,11317.356759927,5676.00722397142,11.317356759927,5.67600722397142,0.50153117414035,49.846882585965,0.0356889396930616,0.054409140782108
2748.74371859296,0.340277897862052,0.518653981026122,0.0243254302044994,0.0377508451123879,11334.6510361571,5687.14868183917,11.3346510361571,5.68714868183917,0.501748899343915,49.8251100656085,0.035743476666182,0.0544804601918195
2761.30653266332,0.340795510308618,0.519330729660125,0.0243994915643932,0.0378494252888576,11351.8926980183,5698.2610550775,11.3518926980183,5.6982610550775,0.501965725598536,49.8034274401464,0.0357978477214935,0.0545515472332064
2773.86934673367,0.341311555176663,0.520005283370531,0.0244734406926707,0.0379478136571836,11369.0821438655,5709.34455141871,11.3690821438655,5.70934455141871,0.502181660680439,49.7818339319561,0.0358520541151957,0.0546224037153919
2786.43216080402,0.34182604428099,0.520677659168829,0.0245472782665524,0.0380460114567414,11386.2197672495,5720.39937617852,11.3862197672495,5.72039937617852,0.502396712263738,49.7603287736262,0.0359060970883393,0.0546930314252972
2798.99497487437,0.342338989294566,0.521347873858684,0.0246210049561398,0.038144019913352,11403.3059569966,5731.42573229493,11.4033059569966,5.73142573229493,0.502610887922231,49.7389112077769,0.0359599778670763,0.054763432128013
2811.55778894472,0.342850401750855,0.522015944039391,0.0246946214245215,0.0382418402394897,11420.3410972863,5742.42382036626,11.4203410972863,5.74242382036626,0.502824195131156,49.7175804868844,0.0360136976629049,0.0548336075671629
2824.12060301508,0.343360293046095,0.522681886109264,0.0247681283278782,0.0383394736344871,11437.3255677272,5753.39383868848,11.4373255677272,5.75339383868848,0.503036641268907,49.6963358731093,0.0360672576729091,0.0549035594652588
2836.68341708543,0.343868674441539,0.523345716268949,0.0248415263155843,0.0384369212847347,11454.2597434314,5764.33598329175,11.4542597434314,5.76433598329175,0.503248233618712,49.6751766381288,0.0361206590799936,0.0549732895240493
2849.24623115578,0.344375557065642,0.524007450524674,0.024914816030309,0.0385341843638774,11471.1439950874,5775.25044797618,11.4711439950874,5.77525044797618,0.503458979370276,49.6541020629724,0.0361739030531136,0.0550427994248607
2861.80904522613,0.344880951916201,0.524667104691423,0.0249879981081144,0.0386312640330072,11487.9786890318,5786.13742434694,11.4879786890318,5.78613742434694,0.503668885621391,49.6331114378609,0.0362269907475001,0.0551120908289309
2874.37185929648,0.345384869862459,0.525324694396051,0.0250610731785521,0.0387281614408515,11504.7641873189,5796.99710184862,11.5047641873189,5.79699710184862,0.503877959379501,49.6122040620499,0.0362799233048802,0.0551811653777365
2886.93467336683,0.345887321647164,0.525980235080337,0.0251340418647581,0.0388248777239587,11521.5008477894,5807.82966779893,11.5215008477894,5.80782966779893,0.504086207563251,49.5913792436749,0.0363327018536937,0.0552500246933127
2899.49748743719,0.346388317888577,0.526633742003964,0.0252069047835457,0.038921414006879,11538.1890241373,5818.63530742171,11.5381890241373,5.81863530742171,0.504293637003987,49.5706362996013,0.0363853275093043,0.0553186703785677
2912.06030150754,0.346887869082454,0.527285230247449,0.025279662545497,0.0390177714023433,11554.8290659763,5829.41420387928,11.5548290659763,5.82941420387928,0.504500254447229,49.5499745552771,0.0364378013742074,0.0553871040175892
2924.62311557789,0.347385985603979,0.52793471471501,0.0253523157550521,0.0391139510114372,11571.4213189034,5840.16653830421,11.5714213189034,5.84016653830421,0.504706066554119,49.5293933445881,0.0364901245382331,0.0554553271759464
2937.18592964824,0.347882677709658,0.528582210137368,0.0254248650105971,0.0392099539237726,11587.9661245627,5850.89248983039,11.5879661245627,5.85089248983039,0.504911079902831,49.5088920097169,0.0365422980787456,0.0555233414009841
2949.74874371859,0.348377955539182,0.52922773107451,0.0254973109045505,0.0393057812176557,11604.4638207072,5861.59223562353,11.6044638207072,5.86159223562353,0.505115300989954,49.4884699010045,0.0365943230608384,0.0555911482221124
2962.31155778894,0.348871829117243,0.529871291918374,0.0255696540234476,0.0394014339602519,11620.9147412591,5872.26595091108,11.6209147412591,5.87226595091108,0.505318736231848,49.4681263768152,0.0366462005375255,0.0556587491510897
2974.8743718593,0.349364308355325,0.530512906895499,0.025641894948024,0.0394969132077478,11637.3192163698,5882.91380901155,11.6373192163698,5.88291380901155,0.505521391965967,49.4478608034033,0.0366979315499291,0.0557261456823003
2987.43718592965,0.349855403053451,0.531152590069614,0.0257140342532968,0.0395922200055096,11653.677572478,5893.53598136327,11.653677572478,5.89353598136327,0.505723274452161,49.4276725547839,0.0367495171274633,0.0557933392930267
3000,0.350345122901901,0.531790355344176,0.0257860725086446,0.0396873553882393,11669.9901323666,5904.13263755258,11.6699901323666,5.90413263755258,0.505924389873948,49.4075610126052,0.0368009582880149,0.055860331443716
